01100,札幌市,sapporoshi,さっぽろし,1,0
01202,函館市,hakodateshi,はこだてし,1,0
01203,小樽市,otarushi,おたるし,1,0
01204,旭川市,asahikawashi,あさひかわし,1,0
01205,室蘭市,muroranshi,むろらんし,1,0
01206,釧路市,kushiroshi,くしろし,1,0
01207,帯広市,obihiroshi,おびひろし,1,0
01208,北見市,kitamishi,きたみし,1,0
01209,夕張市,yuubarishi,ゆうばりし,1,0
01210,岩見沢市,iwamizawashi,いわみざわし,1,0
01211,網走市,abashirishi,あばしりし,1,0
01212,留萌市,rumoishi,るもいし,1,0
01213,苫小牧市,tomakomaishi,とまこまいし,1,0
01214,稚内市,wakkanaishi,わっかないし,1,0
01215,美唄市,bibaishi,びばいし,1,0
01216,芦別市,ashibetsushi,あしべつし,1,0
01217,江別市,ebetsushi,えべつし,1,0
01218,赤平市,akabirashi,あかびらし,1,0
01219,紋別市,monbetsushi,もんべつし,1,0
01220,士別市,shibetsushi,しべつし,1,0
01221,名寄市,nayoroshi,なよろし,1,0
01222,三笠市,mikasashi,みかさし,1,0
01223,根室市,nemuroshi,ねむろし,1,0
01224,千歳市,chitoseshi,ちとせし,1,0
01225,滝川市,takikawashi,たきかわし,1,0
01226,砂川市,sunagawashi,すながわし,1,0
01227,歌志内市,utashinaishi,うたしないし,1,0
01228,深川市,fukagawashi,ふかがわし,1,0
01229,富良野市,furanoshi,ふらのし,1,0
01230,登別市,noboribetsushi,のぼりべつし,1,0
01231,恵庭市,eniwashi,えにわし,1,0
01233,伊達市,dateshi,だてし,1,0
01234,北広島市,kitahiroshimashi,きたひろしまし,1,0
01235,石狩市,ishikarishi,いしかりし,1,0
01236,北斗市,hokutoshi,ほくとし,1,0
01303,当別町,toubetsuchou,とうべつちょう,1,0
01304,新篠津村,shinshinotsumura,しんしのつむら,1,0
01331,松前町,matsumaechou,まつまえちょう,1,0
01332,福島町,fukushimachou,ふくしまちょう,1,0
01333,知内町,shiriuchichou,しりうちちょう,1,0
01334,木古内町,kikonaichou,きこないちょう,1,0
01337,七飯町,nanaechou,ななえちょう,1,0
01343,鹿部町,shikabechou,しかべちょう,1,0
01345,森町,morimachi,もりまち,1,0
01346,八雲町,yakumochou,やくもちょう,1,0
01347,長万部町,oshamanbechou,おしゃまんべちょう,1,0
01361,江差町,esashichou,えさしちょう,1,0
01362,上ノ国町,kaminokunichou,かみのくにちょう,1,0
01363,厚沢部町,assabuchou,あっさぶちょう,1,0
01364,乙部町,otobechou,おとべちょう,1,0
01367,奥尻町,okushirichou,おくしりちょう,1,0
01370,今金町,imakanechou,いまかねちょう,1,0
01371,せたな町,setanachou,せたなちょう,1,0
01391,島牧村,shimamakimura,しままきむら,1,0
01392,寿都町,suttsuchou,すっつちょう,1,0
01393,黒松内町,kuromatsunaichou,くろまつないちょう,1,0
01394,蘭越町,rankoshichou,らんこしちょう,1,0
01395,ニセコ町,nisekochou,にせこちょう,1,0
01396,真狩村,makkarimura,まっかりむら,1,0
01397,留寿都村,rusutsumura,るすつむら,1,0
01398,喜茂別町,kimobetsuchou,きもべつちょう,1,0
01399,京極町,kyougokuchou,きょうごくちょう,1,0
01400,倶知安町,kucchanchou,くっちゃんちょう,1,0
01401,共和町,kyouwachou,きょうわちょう,1,0
01402,岩内町,iwanaichou,いわないちょう,1,0
01403,泊村,tomarimura,とまりむら,1,0
01404,神恵内村,kamoenaimura,かもえないむら,1,0
01405,積丹町,shakotanchou,しゃこたんちょう,1,0
01406,古平町,furubirachou,ふるびらちょう,1,0
01407,仁木町,nikichou,にきちょう,1,0
01408,余市町,yoichichou,よいちちょう,1,0
01409,赤井川村,akaigawamura,あかいがわむら,1,0
01423,南幌町,nanporochou,なんぽろちょう,1,0
01424,奈井江町,naiechou,ないえちょう,1,0
01425,上砂川町,kamisunagawachou,かみすながわちょう,1,0
01427,由仁町,yunichou,ゆにちょう,1,0
01428,長沼町,naganumachou,ながぬまちょう,1,0
01429,栗山町,kuriyamachou,くりやまちょう,1,0
01430,月形町,tsukigatachou,つきがたちょう,1,0
01431,浦臼町,urausuchou,うらうすちょう,1,0
01432,新十津川町,shintotsukawachou,しんとつかわちょう,1,0
01433,妹背牛町,moseushichou,もせうしちょう,1,0
01434,秩父別町,chippubetsuchou,ちっぷべつちょう,1,0
01436,雨竜町,uryuuchou,うりゅうちょう,1,0
01437,北竜町,hokuryuuchou,ほくりゅうちょう,1,0
01438,沼田町,numatachou,ぬまたちょう,1,0
01452,鷹栖町,takasuchou,たかすちょう,1,0
01453,東神楽町,higashikagurachou,ひがしかぐらちょう,1,0
01454,当麻町,toumachou,とうまちょう,1,0
01455,比布町,pippuchou,ぴっぷちょう,1,0
01456,愛別町,aibetsuchou,あいべつちょう,1,0
01457,上川町,kamikawachou,かみかわちょう,1,0
01458,東川町,higashikawachou,ひがしかわちょう,1,0
01459,美瑛町,bieichou,びえいちょう,1,0
01460,上富良野町,kamifuranochou,かみふらのちょう,1,0
01461,中富良野町,nakafuranochou,なかふらのちょう,1,0
01462,南富良野町,minamifuranochou,みなみふらのちょう,1,0
01463,占冠村,shimukappumura,しむかっぷむら,1,0
01464,和寒町,wassamuchou,わっさむちょう,1,0
01465,剣淵町,kenbuchichou,けんぶちちょう,1,0
01468,下川町,shimokawachou,しもかわちょう,1,0
01469,美深町,bifukachou,びふかちょう,1,0
01470,音威子府村,otoineppumura,おといねっぷむら,1,0
01471,中川町,nakagawachou,なかがわちょう,1,0
01472,幌加内町,horokanaichou,ほろかないちょう,1,0
01481,増毛町,mashikechou,ましけちょう,1,0
01482,小平町,obirachou,おびらちょう,1,0
01483,苫前町,tomamaechou,とままえちょう,1,0
01484,羽幌町,haborochou,はぼろちょう,1,0
01485,初山別村,shosanbetsumura,しょさんべつむら,1,0
01486,遠別町,enbetsuchou,えんべつちょう,1,0
01487,天塩町,teshiochou,てしおちょう,1,0
01511,猿払村,sarufutsumura,さるふつむら,1,0
01512,浜頓別町,hamatonbetsuchou,はまとんべつちょう,1,0
01513,中頓別町,nakatonbetsuchou,なかとんべつちょう,1,0
01514,枝幸町,esashichou,えさしちょう,1,0
01516,豊富町,toyotomichou,とよとみちょう,1,0
01517,礼文町,rebunchou,れぶんちょう,1,0
01518,利尻町,rishirichou,りしりちょう,1,0
01519,利尻富士町,rishirifujichou,りしりふじちょう,1,0
01520,幌延町,horonobechou,ほろのべちょう,1,0
01543,美幌町,bihorochou,びほろちょう,1,0
01544,津別町,tsubetsuchou,つべつちょう,1,0
01545,斜里町,sharichou,しゃりちょう,1,0
01546,清里町,kiyosatochou,きよさとちょう,1,0
01547,小清水町,koshimizuchou,こしみずちょう,1,0
01549,訓子府町,kun'neppuchou,くんねっぷちょう,1,0
01550,置戸町,oketochou,おけとちょう,1,0
01552,佐呂間町,saromachou,さろまちょう,1,0
01555,遠軽町,engaruchou,えんがるちょう,1,0
01559,湧別町,yuubetsuchou,ゆうべつちょう,1,0
01560,滝上町,takinouechou,たきのうえちょう,1,0
01561,興部町,okoppechou,おこっぺちょう,1,0
01562,西興部村,nishiokoppemura,にしおこっぺむら,1,0
01563,雄武町,oumuchou,おうむちょう,1,0
01564,大空町,oozorachou,おおぞらちょう,1,0
01571,豊浦町,toyourachou,とようらちょう,1,0
01575,壮瞥町,soubetsuchou,そうべつちょう,1,0
01578,白老町,shiraoichou,しらおいちょう,1,0
01581,厚真町,atsumachou,あつまちょう,1,0
01584,洞爺湖町,touyakochou,とうやこちょう,1,0
01585,安平町,abirachou,あびらちょう,1,0
01586,むかわ町,mukawachou,むかわちょう,1,0
01601,日高町,hidakachou,ひだかちょう,1,0
01602,平取町,biratorichou,びらとりちょう,1,0
01604,新冠町,niikappuchou,にいかっぷちょう,1,0
01607,浦河町,urakawachou,うらかわちょう,1,0
01608,様似町,samanichou,さまにちょう,1,0
01609,えりも町,erimochou,えりもちょう,1,0
01610,新ひだか町,shinhidakachou,しんひだかちょう,1,0
01631,音更町,otofukechou,おとふけちょう,1,0
01632,士幌町,shihorochou,しほろちょう,1,0
01633,上士幌町,kamishihorochou,かみしほろちょう,1,0
01634,鹿追町,shikaoichou,しかおいちょう,1,0
01635,新得町,shintokuchou,しんとくちょう,1,0
01636,清水町,shimizuchou,しみずちょう,1,0
01637,芽室町,memurochou,めむろちょう,1,0
01638,中札内村,nakasatsunaimura,なかさつないむら,1,0
01639,更別村,sarabetsumura,さらべつむら,1,0
01641,大樹町,taikichou,たいきちょう,1,0
01642,広尾町,hiroochou,ひろおちょう,1,0
01643,幕別町,makubetsuchou,まくべつちょう,1,0
01644,池田町,ikedachou,いけだちょう,1,0
01645,豊頃町,toyokorochou,とよころちょう,1,0
01646,本別町,honbetsuchou,ほんべつちょう,1,0
01647,足寄町,ashorochou,あしょろちょう,1,0
01648,陸別町,rikubetsuchou,りくべつちょう,1,0
01649,浦幌町,urahorochou,うらほろちょう,1,0
01661,釧路町,kushirochou,くしろちょう,1,0
01662,厚岸町,akkeshichou,あっけしちょう,1,0
01663,浜中町,hamanakachou,はまなかちょう,1,0
01664,標茶町,shibechachou,しべちゃちょう,1,0
01665,弟子屈町,teshikagachou,てしかがちょう,1,0
01667,鶴居村,tsuruimura,つるいむら,1,0
01668,白糠町,shiranukachou,しらぬかちょう,1,0
01691,別海町,betsukaichou,べつかいちょう,1,0
01692,中標津町,nakashibetsuchou,なかしべつちょう,1,0
01693,標津町,shibetsuchou,しべつちょう,1,0
01694,羅臼町,rausuchou,らうすちょう,1,0
02201,青森市,aomorishi,あおもりし,2,0
02202,弘前市,hirosakishi,ひろさきし,2,0
02203,八戸市,hachinoheshi,はちのへし,2,0
02204,黒石市,kuroishishi,くろいしし,2,0
02205,五所川原市,goshogawarashi,ごしょがわらし,2,0
02206,十和田市,towadashi,とわだし,2,0
02207,三沢市,misawashi,みさわし,2,0
02208,むつ市,mutsushi,むつし,2,0
02209,つがる市,tsugarushi,つがるし,2,0
02210,平川市,hirakawashi,ひらかわし,2,0
02301,平内町,hiranaimachi,ひらないまち,2,0
02303,今別町,imabetsumachi,いまべつまち,2,0
02304,蓬田村,yomogitamura,よもぎたむら,2,0
02307,外ヶ浜町,sotogahamamachi,そとがはままち,2,0
02321,鰺ヶ沢町,ajigasawamachi,あじがさわまち,2,0
02323,深浦町,fukauramachi,ふかうらまち,2,0
02343,西目屋村,nishimeyamura,にしめやむら,2,0
02361,藤崎町,fujisakimachi,ふじさきまち,2,0
02362,大鰐町,oowanimachi,おおわにまち,2,0
02367,田舎館村,inakadatemura,いなかだてむら,2,0
02381,板柳町,itayanagimachi,いたやなぎまち,2,0
02384,鶴田町,tsurutamachi,つるたまち,2,0
02387,中泊町,nakadomarimachi,なかどまりまち,2,0
02401,野辺地町,nohejimachi,のへじまち,2,0
02402,七戸町,shichinohemachi,しちのへまち,2,0
02405,六戸町,rokunohemachi,ろくのへまち,2,0
02406,横浜町,yokohamamachi,よこはままち,2,0
02408,東北町,touhokumachi,とうほくまち,2,0
02411,六ヶ所村,rokkashomura,ろっかしょむら,2,0
02412,おいらせ町,oirasechou,おいらせちょう,2,0
02423,大間町,oomamachi,おおままち,2,0
02424,東通村,higashidoorimura,ひがしどおりむら,2,0
02425,風間浦村,kazamauramura,かざまうらむら,2,0
02426,佐井村,saimura,さいむら,2,0
02441,三戸町,san'nohemachi,さんのへまち,2,0
02442,五戸町,gonohemachi,ごのへまち,2,0
02443,田子町,takkomachi,たっこまち,2,0
02445,南部町,nanbuchou,なんぶちょう,2,0
02446,階上町,hashikamichou,はしかみちょう,2,0
02450,新郷村,shingoumura,しんごうむら,2,0
03201,盛岡市,moriokashi,もりおかし,3,0
03202,宮古市,miyakoshi,みやこし,3,0
03203,大船渡市,oofunatoshi,おおふなとし,3,0
03205,花巻市,hanamakishi,はなまきし,3,0
03206,北上市,kitakamishi,きたかみし,3,0
03207,久慈市,kujishi,くじし,3,0
03208,遠野市,toonoshi,とおのし,3,0
03209,一関市,ichinosekishi,いちのせきし,3,0
03210,陸前高田市,rikuzentakatashi,りくぜんたかたし,3,0
03211,釜石市,kamaishishi,かまいしし,3,0
03213,二戸市,ninoheshi,にのへし,3,0
03214,八幡平市,hachimantaishi,はちまんたいし,3,0
03215,奥州市,oushuushi,おうしゅうし,3,0
03216,滝沢市,takizawashi,たきざわし,3,0
03301,雫石町,shizukuishichou,しずくいしちょう,3,0
03302,葛巻町,kuzumakimachi,くずまきまち,3,0
03303,岩手町,iwatemachi,いわてまち,3,0
03321,紫波町,shiwachou,しわちょう,3,0
03322,矢巾町,yahabachou,やはばちょう,3,0
03366,西和賀町,nishiwagamachi,にしわがまち,3,0
03381,金ケ崎町,kanegasakichou,かねがさきちょう,3,0
03402,平泉町,hiraizumichou,ひらいずみちょう,3,0
03441,住田町,sumitachou,すみたちょう,3,0
03461,大槌町,ootsuchichou,おおつちちょう,3,0
03482,山田町,yamadamachi,やまだまち,3,0
03483,岩泉町,iwaizumichou,いわいずみちょう,3,0
03484,田野畑村,tanohatamura,たのはたむら,3,0
03485,普代村,fudaimura,ふだいむら,3,0
03501,軽米町,karumaimachi,かるまいまち,3,0
03503,野田村,nodamura,のだむら,3,0
03506,九戸村,kunohemura,くのへむら,3,0
03507,洋野町,hironochou,ひろのちょう,3,0
03524,一戸町,ichinohemachi,いちのへまち,3,0
04100,仙台市,sendaishi,せんだいし,4,0
04202,石巻市,ishinomakishi,いしのまきし,4,0
04203,塩竈市,shiogamashi,しおがまし,4,0
04205,気仙沼市,kesen'numashi,けせんぬまし,4,0
04206,白石市,shiroishishi,しろいしし,4,0
04207,名取市,natorishi,なとりし,4,0
04208,角田市,kakudashi,かくだし,4,0
04209,多賀城市,tagajoushi,たがじょうし,4,0
04211,岩沼市,iwanumashi,いわぬまし,4,0
04212,登米市,tomeshi,とめし,4,0
04213,栗原市,kuriharashi,くりはらし,4,0
04214,東松島市,higashimatsushimashi,ひがしまつしまし,4,0
04215,大崎市,oosakishi,おおさきし,4,0
04216,富谷市,tomiyashi,とみやし,4,0
04301,蔵王町,zaoumachi,ざおうまち,4,0
04302,七ヶ宿町,shichikashukumachi,しちかしゅくまち,4,0
04321,大河原町,oogawaramachi,おおがわらまち,4,0
04322,村田町,muratamachi,むらたまち,4,0
04323,柴田町,shibatamachi,しばたまち,4,0
04324,川崎町,kawasakimachi,かわさきまち,4,0
04341,丸森町,marumorimachi,まるもりまち,4,0
04361,亘理町,watarichou,わたりちょう,4,0
04362,山元町,yamamotochou,やまもとちょう,4,0
04401,松島町,matsushimamachi,まつしままち,4,0
04404,七ヶ浜町,shichigahamamachi,しちがはままち,4,0
04406,利府町,rifuchou,りふちょう,4,0
04421,大和町,taiwachou,たいわちょう,4,0
04422,大郷町,oosatochou,おおさとちょう,4,0
04424,大衡村,oohiramura,おおひらむら,4,0
04444,色麻町,shikamachou,しかまちょう,4,0
04445,加美町,kamimachi,かみまち,4,0
04501,涌谷町,wakuyachou,わくやちょう,4,0
04505,美里町,misatomachi,みさとまち,4,0
04581,女川町,onagawachou,おながわちょう,4,0
04606,南三陸町,minamisanrikuchou,みなみさんりくちょう,4,0
05201,秋田市,akitashi,あきたし,5,0
05202,能代市,noshiroshi,のしろし,5,0
05203,横手市,yokoteshi,よこてし,5,0
05204,大館市,oodateshi,おおだてし,5,0
05206,男鹿市,ogashi,おがし,5,0
05207,湯沢市,yuzawashi,ゆざわし,5,0
05209,鹿角市,kadunoshi,かづのし,5,0
05210,由利本荘市,yurihonjoushi,ゆりほんじょうし,5,0
05211,潟上市,katagamishi,かたがみし,5,0
05212,大仙市,daisenshi,だいせんし,5,0
05213,北秋田市,kitaakitashi,きたあきたし,5,0
05214,にかほ市,nikahoshi,にかほし,5,0
05215,仙北市,senbokushi,せんぼくし,5,0
05303,小坂町,kosakamachi,こさかまち,5,0
05327,上小阿仁村,kamikoanimura,かみこあにむら,5,0
05346,藤里町,fujisatomachi,ふじさとまち,5,0
05348,三種町,mitanechou,みたねちょう,5,0
05349,八峰町,happouchou,はっぽうちょう,5,0
05361,五城目町,gojoumemachi,ごじょうめまち,5,0
05363,八郎潟町,hachirougatamachi,はちろうがたまち,5,0
05366,井川町,ikawamachi,いかわまち,5,0
05368,大潟村,oogatamura,おおがたむら,5,0
05434,美郷町,misatochou,みさとちょう,5,0
05463,羽後町,ugomachi,うごまち,5,0
05464,東成瀬村,higashinarusemura,ひがしなるせむら,5,0
06201,山形市,yamagatashi,やまがたし,6,0
06202,米沢市,yonezawashi,よねざわし,6,0
06203,鶴岡市,tsuruokashi,つるおかし,6,0
06204,酒田市,sakatashi,さかたし,6,0
06205,新庄市,shinjoushi,しんじょうし,6,0
06206,寒河江市,sagaeshi,さがえし,6,0
06207,上山市,kaminoyamashi,かみのやまし,6,0
06208,村山市,murayamashi,むらやまし,6,0
06209,長井市,nagaishi,ながいし,6,0
06210,天童市,tendoushi,てんどうし,6,0
06211,東根市,higashineshi,ひがしねし,6,0
06212,尾花沢市,obanazawashi,おばなざわし,6,0
06213,南陽市,nan'youshi,なんようし,6,0
06301,山辺町,yamanobemachi,やまのべまち,6,0
06302,中山町,nakayamamachi,なかやままち,6,0
06321,河北町,kahokuchou,かほくちょう,6,0
06322,西川町,nishikawamachi,にしかわまち,6,0
06323,朝日町,asahimachi,あさひまち,6,0
06324,大江町,ooemachi,おおえまち,6,0
06341,大石田町,ooishidamachi,おおいしだまち,6,0
06361,金山町,kaneyamamachi,かねやままち,6,0
06362,最上町,mogamimachi,もがみまち,6,0
06363,舟形町,funagatamachi,ふながたまち,6,0
06364,真室川町,mamurogawamachi,まむろがわまち,6,0
06365,大蔵村,ookuramura,おおくらむら,6,0
06366,鮭川村,sakegawamura,さけがわむら,6,0
06367,戸沢村,tozawamura,とざわむら,6,0
06381,高畠町,takahatamachi,たかはたまち,6,0
06382,川西町,kawanishimachi,かわにしまち,6,0
06401,小国町,ogunimachi,おぐにまち,6,0
06402,白鷹町,shiratakamachi,しらたかまち,6,0
06403,飯豊町,iidemachi,いいでまち,6,0
06426,三川町,mikawamachi,みかわまち,6,0
06428,庄内町,shiyounaimachi,しようないまち,6,0
06461,遊佐町,yuzamachi,ゆざまち,6,0
07201,福島市,fukushimashi,ふくしまし,7,0
07202,会津若松市,aiduwakamatsushi,あいづわかまつし,7,0
07203,郡山市,kooriyamashi,こおりやまし,7,0
07204,いわき市,iwakishi,いわきし,7,0
07205,白河市,shirakawashi,しらかわし,7,0
07207,須賀川市,sukagawashi,すかがわし,7,0
07208,喜多方市,kitakatashi,きたかたし,7,0
07209,相馬市,soumashi,そうまし,7,0
07210,二本松市,nihonmatsushi,にほんまつし,7,0
07211,田村市,tamurashi,たむらし,7,0
07212,南相馬市,minamisoumashi,みなみそうまし,7,0
07213,伊達市,dateshi,だてし,7,0
07214,本宮市,motomiyashi,もとみやし,7,0
07301,桑折町,koorimachi,こおりまち,7,0
07303,国見町,kunimimachi,くにみまち,7,0
07308,川俣町,kawamatamachi,かわまたまち,7,0
07322,大玉村,ootamamura,おおたまむら,7,0
07342,鏡石町,kagamiishimachi,かがみいしまち,7,0
07344,天栄村,ten'eimura,てんえいむら,7,0
07362,下郷町,shimogoumachi,しもごうまち,7,0
07364,檜枝岐村,hinoematamura,ひのえまたむら,7,0
07367,只見町,tadamimachi,ただみまち,7,0
07368,南会津町,minamiaidumachi,みなみあいづまち,7,0
07402,北塩原村,kitashiobaramura,きたしおばらむら,7,0
07405,西会津町,nishiaidumachi,にしあいづまち,7,0
07407,磐梯町,bandaimachi,ばんだいまち,7,0
07408,猪苗代町,inawashiromachi,いなわしろまち,7,0
07421,会津坂下町,aidubangemachi,あいづばんげまち,7,0
07422,湯川村,yugawamura,ゆがわむら,7,0
07423,柳津町,yanaidumachi,やないづまち,7,0
07444,三島町,mishimamachi,みしままち,7,0
07445,金山町,kaneyamamachi,かねやままち,7,0
07446,昭和村,shouwamura,しょうわむら,7,0
07447,会津美里町,aidumisatomachi,あいづみさとまち,7,0
07461,西郷村,nishigoumura,にしごうむら,7,0
07464,泉崎村,izumizakimura,いずみざきむら,7,0
07465,中島村,nakajimamura,なかじまむら,7,0
07466,矢吹町,yabukimachi,やぶきまち,7,0
07481,棚倉町,tanaguramachi,たなぐらまち,7,0
07482,矢祭町,yamatsurimachi,やまつりまち,7,0
07483,塙町,hanawamachi,はなわまち,7,0
07484,鮫川村,samegawamura,さめがわむら,7,0
07501,石川町,ishikawamachi,いしかわまち,7,0
07502,玉川村,tamakawamura,たまかわむら,7,0
07503,平田村,hiratamura,ひらたむら,7,0
07504,浅川町,asakawamachi,あさかわまち,7,0
07505,古殿町,furudonomachi,ふるどのまち,7,0
07521,三春町,miharumachi,みはるまち,7,0
07522,小野町,onomachi,おのまち,7,0
07541,広野町,hironomachi,ひろのまち,7,0
07542,楢葉町,narahamachi,ならはまち,7,0
07543,富岡町,tomiokamachi,とみおかまち,7,0
07544,川内村,kawauchimura,かわうちむら,7,0
07545,大熊町,ookumamachi,おおくままち,7,0
07546,双葉町,futabamachi,ふたばまち,7,0
07547,浪江町,namiemachi,なみえまち,7,0
07548,葛尾村,katsuraomura,かつらおむら,7,0
07561,新地町,shinchimachi,しんちまち,7,0
07564,飯舘村,iitatemura,いいたてむら,7,0
08201,水戸市,mitoshi,みとし,8,0
08202,日立市,hitachishi,ひたちし,8,0
08203,土浦市,tsuchiurashi,つちうらし,8,0
08204,古河市,kogashi,こがし,8,0
08205,石岡市,ishiokashi,いしおかし,8,0
08207,結城市,yuukishi,ゆうきし,8,0
08208,龍ケ崎市,ryuugasakishi,りゅうがさきし,8,0
08210,下妻市,shimotsumashi,しもつまし,8,0
08211,常総市,jousoushi,じょうそうし,8,0
08212,常陸太田市,hitachiootashi,ひたちおおたし,8,0
08214,高萩市,takahagishi,たかはぎし,8,0
08215,北茨城市,kitaibarakishi,きたいばらきし,8,0
08216,笠間市,kasamashi,かさまし,8,0
08217,取手市,torideshi,とりでし,8,0
08219,牛久市,ushikushi,うしくし,8,0
08220,つくば市,tsukubashi,つくばし,8,0
08221,ひたちなか市,hitachinakashi,ひたちなかし,8,0
08222,鹿嶋市,kashimashi,かしまし,8,0
08223,潮来市,itakoshi,いたこし,8,0
08224,守谷市,moriyashi,もりやし,8,0
08225,常陸大宮市,hitachioomiyashi,ひたちおおみやし,8,0
08226,那珂市,nakashi,なかし,8,0
08227,筑西市,chikuseishi,ちくせいし,8,0
08228,坂東市,bandoushi,ばんどうし,8,0
08229,稲敷市,inashikishi,いなしきし,8,0
08230,かすみがうら市,kasumigaurashi,かすみがうらし,8,0
08231,桜川市,sakuragawashi,さくらがわし,8,0
08232,神栖市,kamisushi,かみすし,8,0
08233,行方市,namegatashi,なめがたし,8,0
08234,鉾田市,hokotashi,ほこたし,8,0
08235,つくばみらい市,tsukubamiraishi,つくばみらいし,8,0
08236,小美玉市,omitamashi,おみたまし,8,0
08302,茨城町,ibarakimachi,いばらきまち,8,0
08309,大洗町,ooaraimachi,おおあらいまち,8,0
08310,城里町,shirosatomachi,しろさとまち,8,0
08341,東海村,toukaimura,とうかいむら,8,0
08364,大子町,daigomachi,だいごまち,8,0
08442,美浦村,mihomura,みほむら,8,0
08443,阿見町,amimachi,あみまち,8,0
08447,河内町,kawachimachi,かわちまち,8,0
08521,八千代町,yachiyomachi,やちよまち,8,0
08542,五霞町,gokamachi,ごかまち,8,0
08546,境町,sakaimachi,さかいまち,8,0
08564,利根町,tonemachi,とねまち,8,0
09201,宇都宮市,utsunomiyashi,うつのみやし,9,0
09202,足利市,ashikagashi,あしかがし,9,0
09203,栃木市,tochigishi,とちぎし,9,0
09204,佐野市,sanoshi,さのし,9,0
09205,鹿沼市,kanumashi,かぬまし,9,0
09206,日光市,nikkoushi,にっこうし,9,0
09208,小山市,oyamashi,おやまし,9,0
09209,真岡市,mookashi,もおかし,9,0
09210,大田原市,ootawarashi,おおたわらし,9,0
09211,矢板市,yaitashi,やいたし,9,0
09213,那須塩原市,nasushiobarashi,なすしおばらし,9,0
09214,さくら市,sakurashi,さくらし,9,0
09215,那須烏山市,nasukarasuyamashi,なすからすやまし,9,0
09216,下野市,shimotsukeshi,しもつけし,9,0
09301,上三川町,kaminokawamachi,かみのかわまち,9,0
09342,益子町,mashikomachi,ましこまち,9,0
09343,茂木町,motegimachi,もてぎまち,9,0
09344,市貝町,ichikaimachi,いちかいまち,9,0
09345,芳賀町,hagamachi,はがまち,9,0
09361,壬生町,mibumachi,みぶまち,9,0
09364,野木町,nogimachi,のぎまち,9,0
09384,塩谷町,shioyamachi,しおやまち,9,0
09386,高根沢町,takanezawamachi,たかねざわまち,9,0
09407,那須町,nasumachi,なすまち,9,0
09411,那珂川町,nakagawamachi,なかがわまち,9,0
10201,前橋市,maebashishi,まえばしし,10,0
10202,高崎市,takasakishi,たかさきし,10,0
10203,桐生市,kiryuushi,きりゅうし,10,0
10204,伊勢崎市,isesakishi,いせさきし,10,0
10205,太田市,ootashi,おおたし,10,0
10206,沼田市,numatashi,ぬまたし,10,0
10207,館林市,tatebayashishi,たてばやしし,10,0
10208,渋川市,shibukawashi,しぶかわし,10,0
10209,藤岡市,fujiokashi,ふじおかし,10,0
10210,富岡市,tomiokashi,とみおかし,10,0
10211,安中市,an'nakashi,あんなかし,10,0
10212,みどり市,midorishi,みどりし,10,0
10344,榛東村,shintoumura,しんとうむら,10,0
10345,吉岡町,yoshiokamachi,よしおかまち,10,0
10366,上野村,uenomura,うえのむら,10,0
10367,神流町,kan'namachi,かんなまち,10,0
10382,下仁田町,shimonitamachi,しもにたまち,10,0
10383,南牧村,nanmokumura,なんもくむら,10,0
10384,甘楽町,kanramachi,かんらまち,10,0
10421,中之条町,nakanojiyoumachi,なかのじようまち,10,0
10424,長野原町,naganoharamachi,ながのはらまち,10,0
10425,嬬恋村,tsumagoimura,つまごいむら,10,0
10426,草津町,kusatsumachi,くさつまち,10,0
10428,高山村,takayamamura,たかやまむら,10,0
10429,東吾妻町,higashiagatsumamachi,ひがしあがつままち,10,0
10443,片品村,katashinamura,かたしなむら,10,0
10444,川場村,kawabamura,かわばむら,10,0
10448,昭和村,shouwamura,しょうわむら,10,0
10449,みなかみ町,minakamimachi,みなかみまち,10,0
10464,玉村町,tamamuramachi,たまむらまち,10,0
10521,板倉町,itakuramachi,いたくらまち,10,0
10522,明和町,meiwamachi,めいわまち,10,0
10523,千代田町,chiyodamachi,ちよだまち,10,0
10524,大泉町,ooizumimachi,おおいずみまち,10,0
10525,邑楽町,ouramachi,おうらまち,10,0
11100,さいたま市,saitamashi,さいたまし,11,0
11201,川越市,kawagoeshi,かわごえし,11,0
11202,熊谷市,kumagayashi,くまがやし,11,0
11203,川口市,kawaguchishi,かわぐちし,11,0
11206,行田市,giyoudashi,ぎようだし,11,0
11207,秩父市,chichibushi,ちちぶし,11,0
11208,所沢市,tokorozawashi,ところざわし,11,0
11209,飯能市,han'noushi,はんのうし,11,0
11210,加須市,kazoshi,かぞし,11,0
11211,本庄市,honjiyoushi,ほんじようし,11,0
11212,東松山市,higashimatsuyamashi,ひがしまつやまし,11,0
11214,春日部市,kasukabeshi,かすかべし,11,0
11215,狭山市,sayamashi,さやまし,11,0
11216,羽生市,haniyuushi,はにゆうし,11,0
11217,鴻巣市,kounosushi,こうのすし,11,0
11218,深谷市,fukayashi,ふかやし,11,0
11219,上尾市,ageoshi,あげおし,11,0
11221,草加市,soukashi,そうかし,11,0
11222,越谷市,koshigayashi,こしがやし,11,0
11223,蕨市,warabishi,わらびし,11,0
11224,戸田市,todashi,とだし,11,0
11225,入間市,irumashi,いるまし,11,0
11227,朝霞市,asakashi,あさかし,11,0
11228,志木市,shikishi,しきし,11,0
11229,和光市,wakoushi,わこうし,11,0
11230,新座市,niizashi,にいざし,11,0
11231,桶川市,okegawashi,おけがわし,11,0
11232,久喜市,kukishi,くきし,11,0
11233,北本市,kitamotoshi,きたもとし,11,0
11234,八潮市,yashioshi,やしおし,11,0
11235,富士見市,fujimishi,ふじみし,11,0
11237,三郷市,misatoshi,みさとし,11,0
11238,蓮田市,hasudashi,はすだし,11,0
11239,坂戸市,sakadoshi,さかどし,11,0
11240,幸手市,satteshi,さってし,11,0
11241,鶴ヶ島市,tsurugashimashi,つるがしまし,11,0
11242,日高市,hidakashi,ひだかし,11,0
11243,吉川市,yoshikawashi,よしかわし,11,0
11245,ふじみ野市,fujiminoshi,ふじみのし,11,0
11246,白岡市,shiraokashi,しらおかし,11,0
11301,伊奈町,inamachi,いなまち,11,0
11324,三芳町,miyoshimachi,みよしまち,11,0
11326,毛呂山町,moroyamamachi,もろやままち,11,0
11327,越生町,ogosemachi,おごせまち,11,0
11341,滑川町,namegawamachi,なめがわまち,11,0
11342,嵐山町,ranzanmachi,らんざんまち,11,0
11343,小川町,ogawamachi,おがわまち,11,0
11346,川島町,kawajimamachi,かわじままち,11,0
11347,吉見町,yoshimimachi,よしみまち,11,0
11348,鳩山町,hatoyamamachi,はとやままち,11,0
11349,ときがわ町,tokigawamachi,ときがわまち,11,0
11361,横瀬町,yokozemachi,よこぜまち,11,0
11362,皆野町,minanomachi,みなのまち,11,0
11363,長瀞町,nagatoromachi,ながとろまち,11,0
11365,小鹿野町,oganomachi,おがのまち,11,0
11369,東秩父村,higashichichibumura,ひがしちちぶむら,11,0
11381,美里町,misatomachi,みさとまち,11,0
11383,神川町,kamikawamachi,かみかわまち,11,0
11385,上里町,kamisatomachi,かみさとまち,11,0
11408,寄居町,yoriimachi,よりいまち,11,0
11442,宮代町,miyashiromachi,みやしろまち,11,0
11464,杉戸町,sugitomachi,すぎとまち,11,0
11465,松伏町,matsubushimachi,まつぶしまち,11,0
12100,千葉市,chibashi,ちばし,12,0
12202,銚子市,choushishi,ちょうしし,12,0
12203,市川市,ichikawashi,いちかわし,12,0
12204,船橋市,funabashishi,ふなばしし,12,0
12205,館山市,tateyamashi,たてやまし,12,0
12206,木更津市,kisaradushi,きさらづし,12,0
12207,松戸市,matsudoshi,まつどし,12,0
12208,野田市,nodashi,のだし,12,0
12210,茂原市,mobarashi,もばらし,12,0
12211,成田市,naritashi,なりたし,12,0
12212,佐倉市,sakurashi,さくらし,12,0
12213,東金市,touganeshi,とうがねし,12,0
12215,旭市,asahishi,あさひし,12,0
12216,習志野市,narashinoshi,ならしのし,12,0
12217,柏市,kashiwashi,かしわし,12,0
12218,勝浦市,katsuurashi,かつうらし,12,0
12219,市原市,ichiharashi,いちはらし,12,0
12220,流山市,nagareyamashi,ながれやまし,12,0
12221,八千代市,yachiyoshi,やちよし,12,0
12222,我孫子市,abikoshi,あびこし,12,0
12223,鴨川市,kamogawashi,かもがわし,12,0
12224,鎌ケ谷市,kamagayashi,かまがやし,12,0
12225,君津市,kimitsushi,きみつし,12,0
12226,富津市,futtsushi,ふっつし,12,0
12227,浦安市,urayasushi,うらやすし,12,0
12228,四街道市,yotsukaidoushi,よつかいどうし,12,0
12229,袖ケ浦市,sodegaurashi,そでがうらし,12,0
12230,八街市,yachimatashi,やちまたし,12,0
12231,印西市,inzaishi,いんざいし,12,0
12232,白井市,shiroishi,しろいし,12,0
12233,富里市,tomisatoshi,とみさとし,12,0
12234,南房総市,minamibousoushi,みなみぼうそうし,12,0
12235,匝瑳市,sousashi,そうさし,12,0
12236,香取市,katorishi,かとりし,12,0
12237,山武市,sanmushi,さんむし,12,0
12238,いすみ市,isumishi,いすみし,12,0
12239,大網白里市,ooamishirasatoshi,おおあみしらさとし,12,0
12322,酒々井町,shisuimachi,しすいまち,12,0
12329,栄町,sakaemachi,さかえまち,12,0
12342,神崎町,kouzakimachi,こうざきまち,12,0
12347,多古町,takomachi,たこまち,12,0
12349,東庄町,tounoshoumachi,とうのしょうまち,12,0
12403,九十九里町,kujiyuukurimachi,くじゆうくりまち,12,0
12409,芝山町,shibayamamachi,しばやままち,12,0
12410,横芝光町,yokoshibahikarimachi,よこしばひかりまち,12,0
12421,一宮町,ichinomiyamachi,いちのみやまち,12,0
12422,睦沢町,mutsuzawamachi,むつざわまち,12,0
12423,長生村,chouseimura,ちょうせいむら,12,0
12424,白子町,shirakomachi,しらこまち,12,0
12426,長柄町,nagaramachi,ながらまち,12,0
12427,長南町,chounanmachi,ちょうなんまち,12,0
12441,大多喜町,ootakimachi,おおたきまち,12,0
12443,御宿町,onjiyukumachi,おんじゆくまち,12,0
12463,鋸南町,kiyonanmachi,きよなんまち,12,0
13101,千代田区,chiyodaku,ちよだく,13,0
13102,中央区,chuuouku,ちゅうおうく,13,0
13103,港区,minatoku,みなとく,13,0
13104,新宿区,shinjukuku,しんじゅくく,13,0
13105,文京区,bunkyouku,ぶんきょうく,13,0
13106,台東区,taitouku,たいとうく,13,0
13107,墨田区,sumidaku,すみだく,13,0
13108,江東区,koutouku,こうとうく,13,0
13109,品川区,shinagawaku,しながわく,13,0
13110,目黒区,meguroku,めぐろく,13,0
13111,大田区,ootaku,おおたく,13,0
13112,世田谷区,setagayaku,せたがやく,13,0
13113,渋谷区,shibuyaku,しぶやく,13,0
13114,中野区,nakanoku,なかのく,13,0
13115,杉並区,suginamiku,すぎなみく,13,0
13116,豊島区,toshimaku,としまく,13,0
13117,北区,kitaku,きたく,13,0
13118,荒川区,arakawaku,あらかわく,13,0
13119,板橋区,itabashiku,いたばしく,13,0
13120,練馬区,nerimaku,ねりまく,13,0
13121,足立区,adachiku,あだちく,13,0
13122,葛飾区,katsushikaku,かつしかく,13,0
13123,江戸川区,edogawaku,えどがわく,13,0
13201,八王子市,hachioujishi,はちおうじし,13,0
13202,立川市,tachikawashi,たちかわし,13,0
13203,武蔵野市,musashinoshi,むさしのし,13,0
13204,三鷹市,mitakashi,みたかし,13,0
13205,青梅市,oumeshi,おうめし,13,0
13206,府中市,fuchuushi,ふちゅうし,13,0
13207,昭島市,akishimashi,あきしまし,13,0
13208,調布市,choufushi,ちょうふし,13,0
13209,町田市,machidashi,まちだし,13,0
13210,小金井市,koganeishi,こがねいし,13,0
13211,小平市,kodairashi,こだいらし,13,0
13212,日野市,hinoshi,ひのし,13,0
13213,東村山市,higashimurayamashi,ひがしむらやまし,13,0
13214,国分寺市,kokubunjishi,こくぶんじし,13,0
13215,国立市,kunitachishi,くにたちし,13,0
13218,福生市,fussashi,ふっさし,13,0
13219,狛江市,komaeshi,こまえし,13,0
13220,東大和市,higashiyamatoshi,ひがしやまとし,13,0
13221,清瀬市,kiyoseshi,きよせし,13,0
13222,東久留米市,higashikurumeshi,ひがしくるめし,13,0
13223,武蔵村山市,musashimurayamashi,むさしむらやまし,13,0
13224,多摩市,tamashi,たまし,13,0
13225,稲城市,inagishi,いなぎし,13,0
13227,羽村市,hamurashi,はむらし,13,0
13228,あきる野市,akirunoshi,あきるのし,13,0
13229,西東京市,nishitoukyoushi,にしとうきょうし,13,0
13303,瑞穂町,mizuhomachi,みずほまち,13,0
13305,日の出町,hinodemachi,ひのでまち,13,0
13307,檜原村,hinoharamura,ひのはらむら,13,0
13308,奥多摩町,okutamamachi,おくたままち,13,0
13361,大島町,ooshimamachi,おおしままち,13,0
13362,利島村,toshimamura,としまむら,13,0
13363,新島村,niijimamura,にいじまむら,13,0
13364,神津島村,koudushimamura,こうづしまむら,13,0
13381,三宅村,miyakemura,みやけむら,13,0
13382,御蔵島村,mikurajimamura,みくらじまむら,13,0
13401,八丈町,hachijoumachi,はちじょうまち,13,0
13402,青ヶ島村,aogashimamura,あおがしまむら,13,0
13421,小笠原村,ogasawaramura,おがさわらむら,13,0
14100,横浜市,yokohamashi,よこはまし,14,0
14130,川崎市,kawasakishi,かわさきし,14,0
14150,相模原市,sagamiharashi,さがみはらし,14,0
14201,横須賀市,yokosukashi,よこすかし,14,0
14203,平塚市,hiratsukashi,ひらつかし,14,0
14204,鎌倉市,kamakurashi,かまくらし,14,0
14205,藤沢市,fujisawashi,ふじさわし,14,0
14206,小田原市,odawarashi,おだわらし,14,0
14207,茅ヶ崎市,chigasakishi,ちがさきし,14,0
14208,逗子市,zushishi,ずしし,14,0
14210,三浦市,miurashi,みうらし,14,0
14211,秦野市,hadanoshi,はだのし,14,0
14212,厚木市,atsugishi,あつぎし,14,0
14213,大和市,yamatoshi,やまとし,14,0
14214,伊勢原市,iseharashi,いせはらし,14,0
14215,海老名市,ebinashi,えびなし,14,0
14216,座間市,zamashi,ざまし,14,0
14217,南足柄市,minamiashigarashi,みなみあしがらし,14,0
14218,綾瀬市,ayaseshi,あやせし,14,0
14301,葉山町,hayamamachi,はやままち,14,0
14321,寒川町,samukawamachi,さむかわまち,14,0
14341,大磯町,ooisomachi,おおいそまち,14,0
14342,二宮町,ninomiyamachi,にのみやまち,14,0
14361,中井町,nakaimachi,なかいまち,14,0
14362,大井町,ooimachi,おおいまち,14,0
14363,松田町,matsudamachi,まつだまち,14,0
14364,山北町,yamakitamachi,やまきたまち,14,0
14366,開成町,kaiseimachi,かいせいまち,14,0
14382,箱根町,hakonemachi,はこねまち,14,0
14383,真鶴町,manatsurumachi,まなつるまち,14,0
14384,湯河原町,yugawaramachi,ゆがわらまち,14,0
14401,愛川町,aikawamachi,あいかわまち,14,0
14402,清川村,kiyokawamura,きよかわむら,14,0
15100,新潟市,niigatashi,にいがたし,15,0
15202,長岡市,nagaokashi,ながおかし,15,0
15204,三条市,sanjoushi,さんじょうし,15,0
15205,柏崎市,kashiwazakishi,かしわざきし,15,0
15206,新発田市,shibatashi,しばたし,15,0
15208,小千谷市,odiyashi,おぢやし,15,0
15209,加茂市,kamoshi,かもし,15,0
15210,十日町市,tookamachishi,とおかまちし,15,0
15211,見附市,mitsukeshi,みつけし,15,0
15212,村上市,murakamishi,むらかみし,15,0
15213,燕市,tsubameshi,つばめし,15,0
15216,糸魚川市,itoigawashi,いといがわし,15,0
15217,妙高市,myoukoushi,みょうこうし,15,0
15218,五泉市,gosenshi,ごせんし,15,0
15222,上越市,jouetsushi,じょうえつし,15,0
15223,阿賀野市,aganoshi,あがのし,15,0
15224,佐渡市,sadoshi,さどし,15,0
15225,魚沼市,uonumashi,うおぬまし,15,0
15226,南魚沼市,minamiuonumashi,みなみうおぬまし,15,0
15227,胎内市,tainaishi,たいないし,15,0
15307,聖籠町,seiroumachi,せいろうまち,15,0
15342,弥彦村,yahikomura,やひこむら,15,0
15361,田上町,tagamimachi,たがみまち,15,0
15385,阿賀町,agamachi,あがまち,15,0
15405,出雲崎町,izumozakimachi,いずもざきまち,15,0
15461,湯沢町,yuzawamachi,ゆざわまち,15,0
15482,津南町,tsunanmachi,つなんまち,15,0
15504,刈羽村,kariwamura,かりわむら,15,0
15581,関川村,sekikawamura,せきかわむら,15,0
15586,粟島浦村,awashimauramura,あわしまうらむら,15,0
16201,富山市,toyamashi,とやまし,16,0
16202,高岡市,takaokashi,たかおかし,16,0
16204,魚津市,uodushi,うおづし,16,0
16205,氷見市,himishi,ひみし,16,0
16206,滑川市,namerikawashi,なめりかわし,16,0
16207,黒部市,kurobeshi,くろべし,16,0
16208,砺波市,tonamishi,となみし,16,0
16209,小矢部市,oyabeshi,おやべし,16,0
16210,南砺市,nantoshi,なんとし,16,0
16211,射水市,imizushi,いみずし,16,0
16321,舟橋村,funahashimura,ふなはしむら,16,0
16322,上市町,kamiichimachi,かみいちまち,16,0
16323,立山町,tateyamamachi,たてやままち,16,0
16342,入善町,nyuuzenmachi,にゅうぜんまち,16,0
16343,朝日町,asahimachi,あさひまち,16,0
17201,金沢市,kanazawashi,かなざわし,17,0
17202,七尾市,nanaoshi,ななおし,17,0
17203,小松市,komatsushi,こまつし,17,0
17204,輪島市,wajimashi,わじまし,17,0
17205,珠洲市,suzushi,すずし,17,0
17206,加賀市,kagashi,かがし,17,0
17207,羽咋市,hakuishi,はくいし,17,0
17209,かほく市,kahokushi,かほくし,17,0
17210,白山市,hakusanshi,はくさんし,17,0
17211,能美市,nomishi,のみし,17,0
17212,野々市市,nonoichishi,ののいちし,17,0
17324,川北町,kawakitamachi,かわきたまち,17,0
17361,津幡町,tsubatamachi,つばたまち,17,0
17365,内灘町,uchinadamachi,うちなだまち,17,0
17384,志賀町,shikamachi,しかまち,17,0
17386,宝達志水町,houdatsushimizuchou,ほうだつしみずちょう,17,0
17407,中能登町,nakanotomachi,なかのとまち,17,0
17461,穴水町,anamizumachi,あなみずまち,17,0
17463,能登町,notochou,のとちょう,17,0
18201,福井市,fukuishi,ふくいし,18,0
18202,敦賀市,tsurugashi,つるがし,18,0
18204,小浜市,obamashi,おばまし,18,0
18205,大野市,oonoshi,おおのし,18,0
18206,勝山市,katsuyamashi,かつやまし,18,0
18207,鯖江市,sabaeshi,さばえし,18,0
18208,あわら市,awarashi,あわらし,18,0
18209,越前市,echizenshi,えちぜんし,18,0
18210,坂井市,sakaishi,さかいし,18,0
18322,永平寺町,eiheijichou,えいへいじちょう,18,0
18382,池田町,ikedachou,いけだちょう,18,0
18404,南越前町,minamiechizenchou,みなみえちぜんちょう,18,0
18423,越前町,echizenchou,えちぜんちょう,18,0
18442,美浜町,mihamachou,みはまちょう,18,0
18481,高浜町,takahamachou,たかはまちょう,18,0
18483,おおい町,ooichou,おおいちょう,18,0
18501,若狭町,wakasachou,わかさちょう,18,0
19201,甲府市,koufushi,こうふし,19,0
19202,富士吉田市,fujiyoshidashi,ふじよしだし,19,0
19204,都留市,tsurushi,つるし,19,0
19205,山梨市,yamanashishi,やまなしし,19,0
19206,大月市,ootsukishi,おおつきし,19,0
19207,韮崎市,nirasakishi,にらさきし,19,0
19208,南アルプス市,minamiarupusushi,みなみあるぷすし,19,0
19209,北杜市,hokutoshi,ほくとし,19,0
19210,甲斐市,kaishi,かいし,19,0
19211,笛吹市,fuefukishi,ふえふきし,19,0
19212,上野原市,uenoharashi,うえのはらし,19,0
19213,甲州市,koushuushi,こうしゅうし,19,0
19214,中央市,chuuoushi,ちゅうおうし,19,0
19346,市川三郷町,ichikawamisatochou,いちかわみさとちょう,19,0
19364,早川町,hayakawachou,はやかわちょう,19,0
19365,身延町,minobuchou,みのぶちょう,19,0
19366,南部町,nanbuchou,なんぶちょう,19,0
19368,富士川町,fujikawachou,ふじかわちょう,19,0
19384,昭和町,shouwachou,しょうわちょう,19,0
19422,道志村,doushimura,どうしむら,19,0
19423,西桂町,nishikatsurachou,にしかつらちょう,19,0
19424,忍野村,oshinomura,おしのむら,19,0
19425,山中湖村,yamanakakomura,やまなかこむら,19,0
19429,鳴沢村,narusawamura,なるさわむら,19,0
19430,富士河口湖町,fujikawaguchikomachi,ふじかわぐちこまち,19,0
19442,小菅村,kosugemura,こすげむら,19,0
19443,丹波山村,tabayamamura,たばやまむら,19,0
20201,長野市,naganoshi,ながのし,20,0
20202,松本市,matsumotoshi,まつもとし,20,0
20203,上田市,uedashi,うえだし,20,0
20204,岡谷市,okayashi,おかやし,20,0
20205,飯田市,iidashi,いいだし,20,0
20206,諏訪市,suwashi,すわし,20,0
20207,須坂市,suzakashi,すざかし,20,0
20208,小諸市,komoroshi,こもろし,20,0
20209,伊那市,inashi,いなし,20,0
20210,駒ヶ根市,komaganeshi,こまがねし,20,0
20211,中野市,nakanoshi,なかのし,20,0
20212,大町市,oomachishi,おおまちし,20,0
20213,飯山市,iiyamashi,いいやまし,20,0
20214,茅野市,chinoshi,ちのし,20,0
20215,塩尻市,shiojirishi,しおじりし,20,0
20217,佐久市,sakushi,さくし,20,0
20218,千曲市,chikumashi,ちくまし,20,0
20219,東御市,toumishi,とうみし,20,0
20220,安曇野市,aduminoshi,あづみのし,20,0
20303,小海町,koumimachi,こうみまち,20,0
20304,川上村,kawakamimura,かわかみむら,20,0
20305,南牧村,minamimakimura,みなみまきむら,20,0
20306,南相木村,minamiaikimura,みなみあいきむら,20,0
20307,北相木村,kitaaikimura,きたあいきむら,20,0
20309,佐久穂町,sakuhomachi,さくほまち,20,0
20321,軽井沢町,karuizawamachi,かるいざわまち,20,0
20323,御代田町,miyotamachi,みよたまち,20,0
20324,立科町,tateshinamachi,たてしなまち,20,0
20349,青木村,aokimura,あおきむら,20,0
20350,長和町,nagawamachi,ながわまち,20,0
20361,下諏訪町,shimosuwamachi,しもすわまち,20,0
20362,富士見町,fujimimachi,ふじみまち,20,0
20363,原村,haramura,はらむら,20,0
20382,辰野町,tatsunomachi,たつのまち,20,0
20383,箕輪町,minowamachi,みのわまち,20,0
20384,飯島町,iijimamachi,いいじままち,20,0
20385,南箕輪村,minamiminowamura,みなみみのわむら,20,0
20386,中川村,nakagawamura,なかがわむら,20,0
20388,宮田村,miyadamura,みやだむら,20,0
20402,松川町,matsukawamachi,まつかわまち,20,0
20403,高森町,takamorimachi,たかもりまち,20,0
20404,阿南町,ananchou,あなんちょう,20,0
20407,阿智村,achimura,あちむら,20,0
20409,平谷村,hirayamura,ひらやむら,20,0
20410,根羽村,nebamura,ねばむら,20,0
20411,下條村,shimojoumura,しもじょうむら,20,0
20412,売木村,urugimura,うるぎむら,20,0
20413,天龍村,tenryuumura,てんりゅうむら,20,0
20414,泰阜村,yasuokamura,やすおかむら,20,0
20415,喬木村,takagimura,たかぎむら,20,0
20416,豊丘村,toyookamura,とよおかむら,20,0
20417,大鹿村,ooshikamura,おおしかむら,20,0
20422,上松町,agematsumachi,あげまつまち,20,0
20423,南木曽町,nagisomachi,なぎそまち,20,0
20425,木祖村,kisomura,きそむら,20,0
20429,王滝村,outakimura,おうたきむら,20,0
20430,大桑村,ookuwamura,おおくわむら,20,0
20432,木曽町,kisomachi,きそまち,20,0
20446,麻績村,omimura,おみむら,20,0
20448,生坂村,ikusakamura,いくさかむら,20,0
20450,山形村,yamagatamura,やまがたむら,20,0
20451,朝日村,asahimura,あさひむら,20,0
20452,筑北村,chikuhokumura,ちくほくむら,20,0
20481,池田町,ikedamachi,いけだまち,20,0
20482,松川村,matsukawamura,まつかわむら,20,0
20485,白馬村,hakubamura,はくばむら,20,0
20486,小谷村,otarimura,おたりむら,20,0
20521,坂城町,sakakimachi,さかきまち,20,0
20541,小布施町,obusemachi,おぶせまち,20,0
20543,高山村,takayamamura,たかやまむら,20,0
20561,山ノ内町,yamanouchimachi,やまのうちまち,20,0
20562,木島平村,kijimadairamura,きじまだいらむら,20,0
20563,野沢温泉村,nozawaonsenmura,のざわおんせんむら,20,0
20583,信濃町,shinanomachi,しなのまち,20,0
20588,小川村,ogawamura,おがわむら,20,0
20590,飯綱町,iidunamachi,いいづなまち,20,0
20602,栄村,sakaemura,さかえむら,20,0
21201,岐阜市,gifushi,ぎふし,21,0
21202,大垣市,oogakishi,おおがきし,21,0
21203,高山市,takayamashi,たかやまし,21,0
21204,多治見市,tajimishi,たじみし,21,0
21205,関市,sekishi,せきし,21,0
21206,中津川市,nakatsugawashi,なかつがわし,21,0
21207,美濃市,minoshi,みのし,21,0
21208,瑞浪市,mizunamishi,みずなみし,21,0
21209,羽島市,hashimashi,はしまし,21,0
21210,恵那市,enashi,えなし,21,0
21211,美濃加茂市,minokamoshi,みのかもし,21,0
21212,土岐市,tokishi,ときし,21,0
21213,各務原市,kakamigaharashi,かかみがはらし,21,0
21214,可児市,kanishi,かにし,21,0
21215,山県市,yamagatashi,やまがたし,21,0
21216,瑞穂市,mizuhoshi,みずほし,21,0
21217,飛騨市,hidashi,ひだし,21,0
21218,本巣市,motosushi,もとすし,21,0
21219,郡上市,gujoushi,ぐじょうし,21,0
21220,下呂市,geroshi,げろし,21,0
21221,海津市,kaidushi,かいづし,21,0
21302,岐南町,ginanchou,ぎなんちょう,21,0
21303,笠松町,kasamatsuchou,かさまつちょう,21,0
21341,養老町,yourouchou,ようろうちょう,21,0
21361,垂井町,taruichou,たるいちょう,21,0
21362,関ケ原町,sekigaharachou,せきがはらちょう,21,0
21381,神戸町,goudochou,ごうどちょう,21,0
21382,輪之内町,wanouchichou,わのうちちょう,21,0
21383,安八町,anpachichou,あんぱちちょう,21,0
21401,揖斐川町,ibigawachou,いびがわちょう,21,0
21403,大野町,oonochou,おおのちょう,21,0
21404,池田町,ikedachou,いけだちょう,21,0
21421,北方町,kitagatachou,きたがたちょう,21,0
21501,坂祝町,sakahogichou,さかほぎちょう,21,0
21502,富加町,tomikachou,とみかちょう,21,0
21503,川辺町,kawabechou,かわべちょう,21,0
21504,七宗町,hichisouchou,ひちそうちょう,21,0
21505,八百津町,yaotsuchou,やおつちょう,21,0
21506,白川町,shirakawachou,しらかわちょう,21,0
21507,東白川村,higashishirakawamura,ひがししらかわむら,21,0
21521,御嵩町,mitakechou,みたけちょう,21,0
21604,白川村,shirakawamura,しらかわむら,21,0
22100,静岡市,shizuokashi,しずおかし,22,0
22130,浜松市,hamamatsushi,はままつし,22,0
22203,沼津市,numadushi,ぬまづし,22,0
22205,熱海市,atamishi,あたみし,22,0
22206,三島市,mishimashi,みしまし,22,0
22207,富士宮市,fujinomiyashi,ふじのみやし,22,0
22208,伊東市,itoushi,いとうし,22,0
22209,島田市,shimadashi,しまだし,22,0
22210,富士市,fujishi,ふじし,22,0
22211,磐田市,iwatashi,いわたし,22,0
22212,焼津市,yaidushi,やいづし,22,0
22213,掛川市,kakegawashi,かけがわし,22,0
22214,藤枝市,fujiedashi,ふじえだし,22,0
22215,御殿場市,gotenbashi,ごてんばし,22,0
22216,袋井市,fukuroishi,ふくろいし,22,0
22219,下田市,shimodashi,しもだし,22,0
22220,裾野市,susonoshi,すそのし,22,0
22221,湖西市,kosaishi,こさいし,22,0
22222,伊豆市,izushi,いずし,22,0
22223,御前崎市,omaezakishi,おまえざきし,22,0
22224,菊川市,kikugawashi,きくがわし,22,0
22225,伊豆の国市,izunokunishi,いずのくにし,22,0
22226,牧之原市,makinoharashi,まきのはらし,22,0
22301,東伊豆町,higashiizuchou,ひがしいずちょう,22,0
22302,河津町,kawaduchou,かわづちょう,22,0
22304,南伊豆町,minamiizuchou,みなみいずちょう,22,0
22305,松崎町,matsuzakichou,まつざきちょう,22,0
22306,西伊豆町,nishiizuchou,にしいずちょう,22,0
22325,函南町,kan'namichou,かんなみちょう,22,0
22341,清水町,shimizuchou,しみずちょう,22,0
22342,長泉町,nagaizumichou,ながいずみちょう,22,0
22344,小山町,oyamachou,おやまちょう,22,0
22424,吉田町,yoshidachou,よしだちょう,22,0
22429,川根本町,kawanehonchou,かわねほんちょう,22,0
22461,森町,morimachi,もりまち,22,0
23100,名古屋市,nagoyashi,なごやし,23,0
23201,豊橋市,toyohashishi,とよはしし,23,0
23202,岡崎市,okazakishi,おかざきし,23,0
23203,一宮市,ichinomiyashi,いちのみやし,23,0
23204,瀬戸市,setoshi,せとし,23,0
23205,半田市,handashi,はんだし,23,0
23206,春日井市,kasugaishi,かすがいし,23,0
23207,豊川市,toyokawashi,とよかわし,23,0
23208,津島市,tsushimashi,つしまし,23,0
23209,碧南市,hekinanshi,へきなんし,23,0
23210,刈谷市,kariyashi,かりやし,23,0
23211,豊田市,toyotashi,とよたし,23,0
23212,安城市,anjoushi,あんじょうし,23,0
23213,西尾市,nishioshi,にしおし,23,0
23214,蒲郡市,gamagoorishi,がまごおりし,23,0
23215,犬山市,inuyamashi,いぬやまし,23,0
23216,常滑市,tokonameshi,とこなめし,23,0
23217,江南市,kounanshi,こうなんし,23,0
23219,小牧市,komakishi,こまきし,23,0
23220,稲沢市,inazawashi,いなざわし,23,0
23221,新城市,shinshiroshi,しんしろし,23,0
23222,東海市,toukaishi,とうかいし,23,0
23223,大府市,oobushi,おおぶし,23,0
23224,知多市,chitashi,ちたし,23,0
23225,知立市,chiryuushi,ちりゅうし,23,0
23226,尾張旭市,owariasahishi,おわりあさひし,23,0
23227,高浜市,takahamashi,たかはまし,23,0
23228,岩倉市,iwakurashi,いわくらし,23,0
23229,豊明市,toyoakeshi,とよあけし,23,0
23230,日進市,nisshinshi,にっしんし,23,0
23231,田原市,taharashi,たはらし,23,0
23232,愛西市,aisaishi,あいさいし,23,0
23233,清須市,kiyosushi,きよすし,23,0
23234,北名古屋市,kitanagoyashi,きたなごやし,23,0
23235,弥富市,yatomishi,やとみし,23,0
23236,みよし市,miyoshishi,みよしし,23,0
23237,あま市,amashi,あまし,23,0
23238,長久手市,nagakuteshi,ながくてし,23,0
23302,東郷町,tougouchou,とうごうちょう,23,0
23342,豊山町,toyoyamachou,とよやまちょう,23,0
23361,大口町,ooguchichou,おおぐちちょう,23,0
23362,扶桑町,fusouchou,ふそうちょう,23,0
23424,大治町,ooharuchou,おおはるちょう,23,0
23425,蟹江町,kaniechou,かにえちょう,23,0
23427,飛島村,tobishimamura,とびしまむら,23,0
23441,阿久比町,aguichou,あぐいちょう,23,0
23442,東浦町,higashiurachou,ひがしうらちょう,23,0
23445,南知多町,minamichitachou,みなみちたちょう,23,0
23446,美浜町,mihamachou,みはまちょう,23,0
23447,武豊町,taketoyochou,たけとよちょう,23,0
23501,幸田町,koutachou,こうたちょう,23,0
23561,設楽町,shitarachou,したらちょう,23,0
23562,東栄町,toueichou,とうえいちょう,23,0
23563,豊根村,toyonemura,とよねむら,23,0
24201,津市,tsushi,つし,24,0
24202,四日市市,yokkaichishi,よっかいちし,24,0
24203,伊勢市,iseshi,いせし,24,0
24204,松阪市,matsusakashi,まつさかし,24,0
24205,桑名市,kuwanashi,くわなし,24,0
24207,鈴鹿市,suzukashi,すずかし,24,0
24208,名張市,nabarishi,なばりし,24,0
24209,尾鷲市,owaseshi,おわせし,24,0
24210,亀山市,kameyamashi,かめやまし,24,0
24211,鳥羽市,tobashi,とばし,24,0
24212,熊野市,kumanoshi,くまのし,24,0
24214,いなべ市,inabeshi,いなべし,24,0
24215,志摩市,shimashi,しまし,24,0
24216,伊賀市,igashi,いがし,24,0
24303,木曽岬町,kisosakichou,きそさきちょう,24,0
24324,東員町,touinchou,とういんちょう,24,0
24341,菰野町,komonochou,こものちょう,24,0
24343,朝日町,asahichou,あさひちょう,24,0
24344,川越町,kawagoechou,かわごえちょう,24,0
24441,多気町,takichou,たきちょう,24,0
24442,明和町,meiwachou,めいわちょう,24,0
24443,大台町,oodaichou,おおだいちょう,24,0
24461,玉城町,tamakichou,たまきちょう,24,0
24470,度会町,wataraichou,わたらいちょう,24,0
24471,大紀町,taikichou,たいきちょう,24,0
24472,南伊勢町,minamiisechou,みなみいせちょう,24,0
24543,紀北町,kihokuchou,きほくちょう,24,0
24561,御浜町,mihamachou,みはまちょう,24,0
24562,紀宝町,kihouchou,きほうちょう,24,0
25201,大津市,ootsushi,おおつし,25,0
25202,彦根市,hikoneshi,ひこねし,25,0
25203,長浜市,nagahamashi,ながはまし,25,0
25204,近江八幡市,oumihachimanshi,おうみはちまんし,25,0
25206,草津市,kusatsushi,くさつし,25,0
25207,守山市,moriyamashi,もりやまし,25,0
25208,栗東市,rittoushi,りっとうし,25,0
25209,甲賀市,koukashi,こうかし,25,0
25210,野洲市,yasushi,やすし,25,0
25211,湖南市,konanshi,こなんし,25,0
25212,高島市,takashimashi,たかしまし,25,0
25213,東近江市,higashioumishi,ひがしおうみし,25,0
25214,米原市,maibarashi,まいばらし,25,0
25383,日野町,hinochou,ひのちょう,25,0
25384,竜王町,riyuuouchou,りゆうおうちょう,25,0
25425,愛荘町,aishouchou,あいしょうちょう,25,0
25441,豊郷町,toyosatochou,とよさとちょう,25,0
25442,甲良町,kourachou,こうらちょう,25,0
25443,多賀町,tagachou,たがちょう,25,0
26100,京都市,kyoutoshi,きょうとし,26,0
26201,福知山市,fukuchiyamashi,ふくちやまし,26,0
26202,舞鶴市,maidurushi,まいづるし,26,0
26203,綾部市,ayabeshi,あやべし,26,0
26204,宇治市,ujishi,うじし,26,0
26205,宮津市,miyadushi,みやづし,26,0
26206,亀岡市,kameokashi,かめおかし,26,0
26207,城陽市,jouyoushi,じょうようし,26,0
26208,向日市,mukoushi,むこうし,26,0
26209,長岡京市,nagaokakyoushi,ながおかきょうし,26,0
26210,八幡市,yawatashi,やわたし,26,0
26211,京田辺市,kyoutanabeshi,きょうたなべし,26,0
26212,京丹後市,kyoutangoshi,きょうたんごし,26,0
26213,南丹市,nantanshi,なんたんし,26,0
26214,木津川市,kidugawashi,きづがわし,26,0
26303,大山崎町,ooyamazakichou,おおやまざきちょう,26,0
26322,久御山町,kumiyamachou,くみやまちょう,26,0
26343,井手町,idechou,いでちょう,26,0
26344,宇治田原町,ujitawarachou,うじたわらちょう,26,0
26364,笠置町,kasagichou,かさぎちょう,26,0
26365,和束町,wadukachou,わづかちょう,26,0
26366,精華町,seikachou,せいかちょう,26,0
26367,南山城村,minamiyamashiromura,みなみやましろむら,26,0
26407,京丹波町,kyoutanbachou,きょうたんばちょう,26,0
26463,伊根町,inechou,いねちょう,26,0
26465,与謝野町,yosanochou,よさのちょう,26,0
27100,大阪市,oosakashi,おおさかし,27,0
27140,堺市,sakaishi,さかいし,27,0
27202,岸和田市,kishiwadashi,きしわだし,27,0
27203,豊中市,toyonakashi,とよなかし,27,0
27204,池田市,ikedashi,いけだし,27,0
27205,吹田市,suitashi,すいたし,27,0
27206,泉大津市,izumiootsushi,いずみおおつし,27,0
27207,高槻市,takatsukishi,たかつきし,27,0
27208,貝塚市,kaidukashi,かいづかし,27,0
27209,守口市,moriguchishi,もりぐちし,27,0
27210,枚方市,hirakatashi,ひらかたし,27,0
27211,茨木市,ibarakishi,いばらきし,27,0
27212,八尾市,yaoshi,やおし,27,0
27213,泉佐野市,izumisanoshi,いずみさのし,27,0
27214,富田林市,tondabayashishi,とんだばやしし,27,0
27215,寝屋川市,neyagawashi,ねやがわし,27,0
27216,河内長野市,kawachinaganoshi,かわちながのし,27,0
27217,松原市,matsubarashi,まつばらし,27,0
27218,大東市,daitoushi,だいとうし,27,0
27219,和泉市,izumishi,いずみし,27,0
27220,箕面市,minooshi,みのおし,27,0
27221,柏原市,kashiwarashi,かしわらし,27,0
27222,羽曳野市,habikinoshi,はびきのし,27,0
27223,門真市,kadomashi,かどまし,27,0
27224,摂津市,settsushi,せっつし,27,0
27225,高石市,takaishishi,たかいしし,27,0
27226,藤井寺市,fujiiderashi,ふじいでらし,27,0
27227,東大阪市,higashioosakashi,ひがしおおさかし,27,0
27228,泉南市,sen'nanshi,せんなんし,27,0
27229,四條畷市,shijiyounawateshi,しじようなわてし,27,0
27230,交野市,katanoshi,かたのし,27,0
27231,大阪狭山市,oosakasayamashi,おおさかさやまし,27,0
27232,阪南市,han'nanshi,はんなんし,27,0
27301,島本町,shimamotochou,しまもとちょう,27,0
27321,豊能町,toyonochou,とよのちょう,27,0
27322,能勢町,nosechou,のせちょう,27,0
27341,忠岡町,tadaokachou,ただおかちょう,27,0
27361,熊取町,kumatorichou,くまとりちょう,27,0
27362,田尻町,tajirichou,たじりちょう,27,0
27366,岬町,misakichou,みさきちょう,27,0
27381,太子町,taishichou,たいしちょう,27,0
27382,河南町,kananchou,かなんちょう,27,0
27383,千早赤阪村,chihayaakasakamura,ちはやあかさかむら,27,0
28100,神戸市,koubeshi,こうべし,28,0
28201,姫路市,himejishi,ひめじし,28,0
28202,尼崎市,amagasakishi,あまがさきし,28,0
28203,明石市,akashishi,あかしし,28,0
28204,西宮市,nishinomiyashi,にしのみやし,28,0
28205,洲本市,sumotoshi,すもとし,28,0
28206,芦屋市,ashiyashi,あしやし,28,0
28207,伊丹市,itamishi,いたみし,28,0
28208,相生市,aioishi,あいおいし,28,0
28209,豊岡市,toyookashi,とよおかし,28,0
28210,加古川市,kakogawashi,かこがわし,28,0
28212,赤穂市,akoushi,あこうし,28,0
28213,西脇市,nishiwakishi,にしわきし,28,0
28214,宝塚市,takaradukashi,たからづかし,28,0
28215,三木市,mikishi,みきし,28,0
28216,高砂市,takasagoshi,たかさごし,28,0
28217,川西市,kawanishishi,かわにしし,28,0
28218,小野市,onoshi,おのし,28,0
28219,三田市,sandashi,さんだし,28,0
28220,加西市,kasaishi,かさいし,28,0
28221,篠山市,sasayamashi,ささやまし,28,0
28222,養父市,yabushi,やぶし,28,0
28223,丹波市,tanbashi,たんばし,28,0
28224,南あわじ市,minamiawajishi,みなみあわじし,28,0
28225,朝来市,asagoshi,あさごし,28,0
28226,淡路市,awajishi,あわじし,28,0
28227,宍粟市,shisoushi,しそうし,28,0
28228,加東市,katoushi,かとうし,28,0
28229,たつの市,tatsunoshi,たつのし,28,0
28301,猪名川町,inagawachou,いながわちょう,28,0
28365,多可町,takachou,たかちょう,28,0
28381,稲美町,inamichou,いなみちょう,28,0
28382,播磨町,harimachou,はりまちょう,28,0
28442,市川町,ichikawachou,いちかわちょう,28,0
28443,福崎町,fukusakichou,ふくさきちょう,28,0
28446,神河町,kamikawachou,かみかわちょう,28,0
28464,太子町,taishichou,たいしちょう,28,0
28481,上郡町,kamigoorichou,かみごおりちょう,28,0
28501,佐用町,sayouchou,さようちょう,28,0
28585,香美町,kamichou,かみちょう,28,0
28586,新温泉町,shin'onsenchou,しんおんせんちょう,28,0
29201,奈良市,narashi,ならし,29,0
29202,大和高田市,yamatotakadashi,やまとたかだし,29,0
29203,大和郡山市,yamatokooriyamashi,やまとこおりやまし,29,0
29204,天理市,tenrishi,てんりし,29,0
29205,橿原市,kashiharashi,かしはらし,29,0
29206,桜井市,sakuraishi,さくらいし,29,0
29207,五條市,gojoushi,ごじょうし,29,0
29208,御所市,goseshi,ごせし,29,0
29209,生駒市,ikomashi,いこまし,29,0
29210,香芝市,kashibashi,かしばし,29,0
29211,葛城市,katsuragishi,かつらぎし,29,0
29212,宇陀市,udashi,うだし,29,0
29322,山添村,yamazoemura,やまぞえむら,29,0
29342,平群町,hegurichou,へぐりちょう,29,0
29343,三郷町,sangouchou,さんごうちょう,29,0
29344,斑鳩町,ikarugachou,いかるがちょう,29,0
29345,安堵町,andochou,あんどちょう,29,0
29361,川西町,kawanishichou,かわにしちょう,29,0
29362,三宅町,miyakechou,みやけちょう,29,0
29363,田原本町,tawaramotochou,たわらもとちょう,29,0
29385,曽爾村,sonimura,そにむら,29,0
29386,御杖村,mitsuemura,みつえむら,29,0
29401,高取町,takatorichou,たかとりちょう,29,0
29402,明日香村,asukamura,あすかむら,29,0
29424,上牧町,kanmakichou,かんまきちょう,29,0
29425,王寺町,oujichou,おうじちょう,29,0
29426,広陵町,kouriyouchou,こうりようちょう,29,0
29427,河合町,kawaichou,かわいちょう,29,0
29441,吉野町,yoshinochou,よしのちょう,29,0
29442,大淀町,ooyodochou,おおよどちょう,29,0
29443,下市町,shimoichichou,しもいちちょう,29,0
29444,黒滝村,kurotakimura,くろたきむら,29,0
29446,天川村,tenkawamura,てんかわむら,29,0
29447,野迫川村,nosegawamura,のせがわむら,29,0
29449,十津川村,totsukawamura,とつかわむら,29,0
29450,下北山村,shimokitayamamura,しもきたやまむら,29,0
29451,上北山村,kamikitayamamura,かみきたやまむら,29,0
29452,川上村,kawakamimura,かわかみむら,29,0
29453,東吉野村,higashiyoshinomura,ひがしよしのむら,29,0
30201,和歌山市,wakayamashi,わかやまし,30,0
30202,海南市,kainanshi,かいなんし,30,0
30203,橋本市,hashimotoshi,はしもとし,30,0
30204,有田市,aridashi,ありだし,30,0
30205,御坊市,goboushi,ごぼうし,30,0
30206,田辺市,tanabeshi,たなべし,30,0
30207,新宮市,shinguushi,しんぐうし,30,0
30208,紀の川市,kinokawashi,きのかわし,30,0
30209,岩出市,iwadeshi,いわでし,30,0
30304,紀美野町,kiminochou,きみのちょう,30,0
30341,かつらぎ町,katsuragichou,かつらぎちょう,30,0
30343,九度山町,kudoyamachou,くどやまちょう,30,0
30344,高野町,kouyachou,こうやちょう,30,0
30361,湯浅町,yuasachou,ゆあさちょう,30,0
30362,広川町,hirogawachou,ひろがわちょう,30,0
30366,有田川町,aridagawachou,ありだがわちょう,30,0
30381,美浜町,mihamachou,みはまちょう,30,0
30382,日高町,hidakachou,ひだかちょう,30,0
30383,由良町,yurachou,ゆらちょう,30,0
30390,印南町,inamichou,いなみちょう,30,0
30391,みなべ町,minabechou,みなべちょう,30,0
30392,日高川町,hidakagawachou,ひだかがわちょう,30,0
30401,白浜町,shirahamachou,しらはまちょう,30,0
30404,上富田町,kamitondachou,かみとんだちょう,30,0
30406,すさみ町,susamichou,すさみちょう,30,0
30421,那智勝浦町,nachikatsuurachou,なちかつうらちょう,30,0
30422,太地町,taijichou,たいじちょう,30,0
30424,古座川町,kozagawachou,こざがわちょう,30,0
30427,北山村,kitayamamura,きたやまむら,30,0
30428,串本町,kushimotochou,くしもとちょう,30,0
31201,鳥取市,tottorishi,とっとりし,31,0
31202,米子市,yonagoshi,よなごし,31,0
31203,倉吉市,kurayoshishi,くらよしし,31,0
31204,境港市,sakaiminatoshi,さかいみなとし,31,0
31302,岩美町,iwamichou,いわみちょう,31,0
31325,若桜町,wakasachou,わかさちょう,31,0
31328,智頭町,chiduchou,ちづちょう,31,0
31329,八頭町,yazuchou,やずちょう,31,0
31364,三朝町,misasachou,みささちょう,31,0
31370,湯梨浜町,yurihamachou,ゆりはまちょう,31,0
31371,琴浦町,kotourachou,ことうらちょう,31,0
31372,北栄町,hokueichou,ほくえいちょう,31,0
31384,日吉津村,hieduson,ひえづそん,31,0
31386,大山町,daisenchou,だいせんちょう,31,0
31389,南部町,nanbuchou,なんぶちょう,31,0
31390,伯耆町,houkichou,ほうきちょう,31,0
31401,日南町,nichinanchou,にちなんちょう,31,0
31402,日野町,hinochou,ひのちょう,31,0
31403,江府町,koufuchou,こうふちょう,31,0
32201,松江市,matsueshi,まつえし,32,0
32202,浜田市,hamadashi,はまだし,32,0
32203,出雲市,izumoshi,いずもし,32,0
32204,益田市,masudashi,ますだし,32,0
32205,大田市,oodashi,おおだし,32,0
32206,安来市,yasugishi,やすぎし,32,0
32207,江津市,goutsushi,ごうつし,32,0
32209,雲南市,un'nanshi,うんなんし,32,0
32343,奥出雲町,okuizumochou,おくいずもちょう,32,0
32386,飯南町,iinanchou,いいなんちょう,32,0
32441,川本町,kawamotomachi,かわもとまち,32,0
32448,美郷町,misatochou,みさとちょう,32,0
32449,邑南町,oonanchou,おおなんちょう,32,0
32501,津和野町,tsuwanochou,つわのちょう,32,0
32505,吉賀町,yoshikachou,よしかちょう,32,0
32525,海士町,amachou,あまちょう,32,0
32526,西ノ島町,nishinoshimachou,にしのしまちょう,32,0
32527,知夫村,chibumura,ちぶむら,32,0
32528,隠岐の島町,okinoshimachou,おきのしまちょう,32,0
33100,岡山市,okayamashi,おかやまし,33,0
33202,倉敷市,kurashikishi,くらしきし,33,0
33203,津山市,tsuyamashi,つやまし,33,0
33204,玉野市,tamanoshi,たまのし,33,0
33205,笠岡市,kasaokashi,かさおかし,33,0
33207,井原市,ibarashi,いばらし,33,0
33208,総社市,soujiyashi,そうじやし,33,0
33209,高梁市,takahashishi,たかはしし,33,0
33210,新見市,niimishi,にいみし,33,0
33211,備前市,bizenshi,びぜんし,33,0
33212,瀬戸内市,setouchishi,せとうちし,33,0
33213,赤磐市,akaiwashi,あかいわし,33,0
33214,真庭市,maniwashi,まにわし,33,0
33215,美作市,mimasakashi,みまさかし,33,0
33216,浅口市,asakuchishi,あさくちし,33,0
33346,和気町,wakechou,わけちょう,33,0
33423,早島町,hayashimachou,はやしまちょう,33,0
33445,里庄町,satoshouchou,さとしょうちょう,33,0
33461,矢掛町,yakagechou,やかげちょう,33,0
33586,新庄村,shinjiyouson,しんじようそん,33,0
33606,鏡野町,kagaminochou,かがみのちょう,33,0
33622,勝央町,shououchou,しょうおうちょう,33,0
33623,奈義町,nagichou,なぎちょう,33,0
33643,西粟倉村,nishiawakurason,にしあわくらそん,33,0
33663,久米南町,kumenanchou,くめなんちょう,33,0
33666,美咲町,misakichou,みさきちょう,33,0
33681,吉備中央町,kibichuuouchou,きびちゅうおうちょう,33,0
34100,広島市,hiroshimashi,ひろしまし,34,0
34202,呉市,kureshi,くれし,34,0
34203,竹原市,takeharashi,たけはらし,34,0
34204,三原市,miharashi,みはらし,34,0
34205,尾道市,onomichishi,おのみちし,34,0
34207,福山市,fukuyamashi,ふくやまし,34,0
34208,府中市,fuchuushi,ふちゅうし,34,0
34209,三次市,miyoshishi,みよしし,34,0
34210,庄原市,shoubarashi,しょうばらし,34,0
34211,大竹市,ootakeshi,おおたけし,34,0
34212,東広島市,higashihiroshimashi,ひがしひろしまし,34,0
34213,廿日市市,hatsukaichishi,はつかいちし,34,0
34214,安芸高田市,akitakatashi,あきたかたし,34,0
34215,江田島市,etajimashi,えたじまし,34,0
34302,府中町,fuchuuchou,ふちゅうちょう,34,0
34304,海田町,kaitachou,かいたちょう,34,0
34307,熊野町,kumanochou,くまのちょう,34,0
34309,坂町,sakachou,さかちょう,34,0
34368,安芸太田町,akiootachou,あきおおたちょう,34,0
34369,北広島町,kitahiroshimachou,きたひろしまちょう,34,0
34431,大崎上島町,oosakikamijimachou,おおさきかみじまちょう,34,0
34462,世羅町,serachou,せらちょう,34,0
34545,神石高原町,jinsekikougenchou,じんせきこうげんちょう,34,0
35201,下関市,shimonosekishi,しものせきし,35,0
35202,宇部市,ubeshi,うべし,35,0
35203,山口市,yamaguchishi,やまぐちし,35,0
35204,萩市,hagishi,はぎし,35,0
35206,防府市,houfushi,ほうふし,35,0
35207,下松市,kudamatsushi,くだまつし,35,0
35208,岩国市,iwakunishi,いわくにし,35,0
35210,光市,hikarishi,ひかりし,35,0
35211,長門市,nagatoshi,ながとし,35,0
35212,柳井市,yanaishi,やないし,35,0
35213,美祢市,mineshi,みねし,35,0
35215,周南市,shuunanshi,しゅうなんし,35,0
35216,山陽小野田市,san'youonodashi,さんようおのだし,35,0
35305,周防大島町,suouooshimachou,すおうおおしまちょう,35,0
35321,和木町,wakichou,わきちょう,35,0
35341,上関町,kaminosekichou,かみのせきちょう,35,0
35343,田布施町,tabusechou,たぶせちょう,35,0
35344,平生町,hiraochou,ひらおちょう,35,0
35502,阿武町,abuchou,あぶちょう,35,0
36201,徳島市,tokushimashi,とくしまし,36,0
36202,鳴門市,narutoshi,なるとし,36,0
36203,小松島市,komatsushimashi,こまつしまし,36,0
36204,阿南市,ananshi,あなんし,36,0
36205,吉野川市,yoshinogawashi,よしのがわし,36,0
36206,阿波市,awashi,あわし,36,0
36207,美馬市,mimashi,みまし,36,0
36208,三好市,miyoshishi,みよしし,36,0
36301,勝浦町,katsuurachou,かつうらちょう,36,0
36302,上勝町,kamikatsuchou,かみかつちょう,36,0
36321,佐那河内村,sanagouchison,さなごうちそん,36,0
36341,石井町,ishiichou,いしいちょう,36,0
36342,神山町,kamiyamachou,かみやまちょう,36,0
36368,那賀町,nakachou,なかちょう,36,0
36383,牟岐町,mugichou,むぎちょう,36,0
36387,美波町,minamichou,みなみちょう,36,0
36388,海陽町,kaiyouchou,かいようちょう,36,0
36401,松茂町,matsushigechou,まつしげちょう,36,0
36402,北島町,kitajimachou,きたじまちょう,36,0
36403,藍住町,aizumichou,あいずみちょう,36,0
36404,板野町,itanochou,いたのちょう,36,0
36405,上板町,kamiitachou,かみいたちょう,36,0
36468,つるぎ町,tsurugichou,つるぎちょう,36,0
36489,東みよし町,higashimiyoshichou,ひがしみよしちょう,36,0
37201,高松市,takamatsushi,たかまつし,37,0
37202,丸亀市,marugameshi,まるがめし,37,0
37203,坂出市,sakaideshi,さかいでし,37,0
37204,善通寺市,zentsuujishi,ぜんつうじし,37,0
37205,観音寺市,kan'onjishi,かんおんじし,37,0
37206,さぬき市,sanukishi,さぬきし,37,0
37207,東かがわ市,higashikagawashi,ひがしかがわし,37,0
37208,三豊市,mitoyoshi,みとよし,37,0
37322,土庄町,tonoshouchou,とのしょうちょう,37,0
37324,小豆島町,shoudoshimachou,しょうどしまちょう,37,0
37341,三木町,mikichou,みきちょう,37,0
37364,直島町,naoshimachou,なおしまちょう,37,0
37386,宇多津町,utaduchou,うたづちょう,37,0
37387,綾川町,ayagawachou,あやがわちょう,37,0
37403,琴平町,kotohirachou,ことひらちょう,37,0
37404,多度津町,tadotsuchou,たどつちょう,37,0
37406,まんのう町,man'nouchou,まんのうちょう,37,0
38201,松山市,matsuyamashi,まつやまし,38,0
38202,今治市,imabarishi,いまばりし,38,0
38203,宇和島市,uwajimashi,うわじまし,38,0
38204,八幡浜市,yawatahamashi,やわたはまし,38,0
38205,新居浜市,niihamashi,にいはまし,38,0
38206,西条市,saijoushi,さいじょうし,38,0
38207,大洲市,oozushi,おおずし,38,0
38210,伊予市,iyoshi,いよし,38,0
38213,四国中央市,shikokuchuuoushi,しこくちゅうおうし,38,0
38214,西予市,seiyoshi,せいよし,38,0
38215,東温市,touonshi,とうおんし,38,0
38356,上島町,kamijimachou,かみじまちょう,38,0
38386,久万高原町,kumakougenchou,くまこうげんちょう,38,0
38401,松前町,masakichou,まさきちょう,38,0
38402,砥部町,tobechou,とべちょう,38,0
38422,内子町,uchikochou,うちこちょう,38,0
38442,伊方町,ikatachou,いかたちょう,38,0
38484,松野町,matsunochou,まつのちょう,38,0
38488,鬼北町,kihokuchou,きほくちょう,38,0
38506,愛南町,ainanchou,あいなんちょう,38,0
39201,高知市,kouchishi,こうちし,39,0
39202,室戸市,murotoshi,むろとし,39,0
39203,安芸市,akishi,あきし,39,0
39204,南国市,nankokushi,なんこくし,39,0
39205,土佐市,tosashi,とさし,39,0
39206,須崎市,susakishi,すさきし,39,0
39208,宿毛市,sukumoshi,すくもし,39,0
39209,土佐清水市,tosashimizushi,とさしみずし,39,0
39210,四万十市,shimantoshi,しまんとし,39,0
39211,香南市,kounanshi,こうなんし,39,0
39212,香美市,kamishi,かみし,39,0
39301,東洋町,touyouchou,とうようちょう,39,0
39302,奈半利町,naharichou,なはりちょう,39,0
39303,田野町,tanochou,たのちょう,39,0
39304,安田町,yasudachou,やすだちょう,39,0
39305,北川村,kitagawamura,きたがわむら,39,0
39306,馬路村,umajimura,うまじむら,39,0
39307,芸西村,geiseimura,げいせいむら,39,0
39341,本山町,motoyamachou,もとやまちょう,39,0
39344,大豊町,ootoyochou,おおとよちょう,39,0
39363,土佐町,tosachou,とさちょう,39,0
39364,大川村,ookawamura,おおかわむら,39,0
39386,いの町,inochou,いのちょう,39,0
39387,仁淀川町,niyodogawachou,によどがわちょう,39,0
39401,中土佐町,nakatosachou,なかとさちょう,39,0
39402,佐川町,sakawachou,さかわちょう,39,0
39403,越知町,ochichou,おちちょう,39,0
39405,梼原町,yusuharachou,ゆすはらちょう,39,0
39410,日高村,hidakamura,ひだかむら,39,0
39411,津野町,tsunochou,つのちょう,39,0
39412,四万十町,shimantochou,しまんとちょう,39,0
39424,大月町,ootsukichou,おおつきちょう,39,0
39427,三原村,miharamura,みはらむら,39,0
39428,黒潮町,kuroshiochou,くろしおちょう,39,0
40100,北九州市,kitakyuushuushi,きたきゅうしゅうし,40,0
40130,福岡市,fukuokashi,ふくおかし,40,0
40202,大牟田市,oomutashi,おおむたし,40,0
40203,久留米市,kurumeshi,くるめし,40,0
40204,直方市,noogatashi,のおがたし,40,0
40205,飯塚市,iidukashi,いいづかし,40,0
40206,田川市,tagawashi,たがわし,40,0
40207,柳川市,yanagawashi,やながわし,40,0
40210,八女市,yameshi,やめし,40,0
40211,筑後市,chikugoshi,ちくごし,40,0
40212,大川市,ookawashi,おおかわし,40,0
40213,行橋市,yukuhashishi,ゆくはしし,40,0
40214,豊前市,buzenshi,ぶぜんし,40,0
40215,中間市,nakamashi,なかまし,40,0
40216,小郡市,ogoorishi,おごおりし,40,0
40217,筑紫野市,chikushinoshi,ちくしのし,40,0
40218,春日市,kasugashi,かすがし,40,0
40219,大野城市,oonojoushi,おおのじょうし,40,0
40220,宗像市,munakatashi,むなかたし,40,0
40221,太宰府市,dazaifushi,だざいふし,40,0
40223,古賀市,kogashi,こがし,40,0
40224,福津市,fukutsushi,ふくつし,40,0
40225,うきは市,ukihashi,うきはし,40,0
40226,宮若市,miyawakashi,みやわかし,40,0
40227,嘉麻市,kamashi,かまし,40,0
40228,朝倉市,asakurashi,あさくらし,40,0
40229,みやま市,miyamashi,みやまし,40,0
40230,糸島市,itoshimashi,いとしまし,40,0
40305,那珂川町,nakagawamachi,なかがわまち,40,0
40341,宇美町,umimachi,うみまち,40,0
40342,篠栗町,sasagurimachi,ささぐりまち,40,0
40343,志免町,shimemachi,しめまち,40,0
40344,須恵町,suemachi,すえまち,40,0
40345,新宮町,shinguumachi,しんぐうまち,40,0
40348,久山町,hisayamamachi,ひさやままち,40,0
40349,粕屋町,kasuyamachi,かすやまち,40,0
40381,芦屋町,ashiyamachi,あしやまち,40,0
40382,水巻町,mizumakimachi,みずまきまち,40,0
40383,岡垣町,okagakimachi,おかがきまち,40,0
40384,遠賀町,ongachou,おんがちょう,40,0
40401,小竹町,kotakemachi,こたけまち,40,0
40402,鞍手町,kuratemachi,くらてまち,40,0
40421,桂川町,keisenmachi,けいせんまち,40,0
40447,筑前町,chikuzenmachi,ちくぜんまち,40,0
40448,東峰村,touhoumura,とうほうむら,40,0
40503,大刀洗町,tachiaraimachi,たちあらいまち,40,0
40522,大木町,ookimachi,おおきまち,40,0
40544,広川町,hirokawamachi,ひろかわまち,40,0
40601,香春町,kawaramachi,かわらまち,40,0
40602,添田町,soedamachi,そえだまち,40,0
40604,糸田町,itodamachi,いとだまち,40,0
40605,川崎町,kawasakimachi,かわさきまち,40,0
40608,大任町,ootoumachi,おおとうまち,40,0
40609,赤村,akamura,あかむら,40,0
40610,福智町,fukuchimachi,ふくちまち,40,0
40621,苅田町,kandamachi,かんだまち,40,0
40625,みやこ町,miyakomachi,みやこまち,40,0
40642,吉富町,yoshitomimachi,よしとみまち,40,0
40646,上毛町,kougemachi,こうげまち,40,0
40647,築上町,chikujoumachi,ちくじょうまち,40,0
41201,佐賀市,sagashi,さがし,41,0
41202,唐津市,karatsushi,からつし,41,0
41203,鳥栖市,tosushi,とすし,41,0
41204,多久市,takushi,たくし,41,0
41205,伊万里市,imarishi,いまりし,41,0
41206,武雄市,takeoshi,たけおし,41,0
41207,鹿島市,kashimashi,かしまし,41,0
41208,小城市,ogishi,おぎし,41,0
41209,嬉野市,ureshinoshi,うれしのし,41,0
41210,神埼市,kanzakishi,かんざきし,41,0
41327,吉野ヶ里町,yoshinogarichou,よしのがりちょう,41,0
41341,基山町,kiyamachou,きやまちょう,41,0
41345,上峰町,kamiminechou,かみみねちょう,41,0
41346,みやき町,miyakichou,みやきちょう,41,0
41387,玄海町,genkaichou,げんかいちょう,41,0
41401,有田町,aritachou,ありたちょう,41,0
41423,大町町,oomachichou,おおまちちょう,41,0
41424,江北町,kouhokumachi,こうほくまち,41,0
41425,白石町,shiroishichou,しろいしちょう,41,0
41441,太良町,tarachou,たらちょう,41,0
42201,長崎市,nagasakishi,ながさきし,42,0
42202,佐世保市,saseboshi,させぼし,42,0
42203,島原市,shimabarashi,しまばらし,42,0
42204,諫早市,isahayashi,いさはやし,42,0
42205,大村市,oomurashi,おおむらし,42,0
42207,平戸市,hiradoshi,ひらどし,42,0
42208,松浦市,matsuurashi,まつうらし,42,0
42209,対馬市,tsushimashi,つしまし,42,0
42210,壱岐市,ikishi,いきし,42,0
42211,五島市,gotoushi,ごとうし,42,0
42212,西海市,saikaishi,さいかいし,42,0
42213,雲仙市,unzenshi,うんぜんし,42,0
42214,南島原市,minamishimabarashi,みなみしまばらし,42,0
42307,長与町,nagayochou,ながよちょう,42,0
42308,時津町,togitsuchou,とぎつちょう,42,0
42321,東彼杵町,higashisonogichou,ひがしそのぎちょう,42,0
42322,川棚町,kawatanachou,かわたなちょう,42,0
42323,波佐見町,hasamichou,はさみちょう,42,0
42383,小値賀町,odikachou,おぢかちょう,42,0
42391,佐々町,sazachou,さざちょう,42,0
42411,新上五島町,shinkamigotouchou,しんかみごとうちょう,42,0
43100,熊本市,kumamotoshi,くまもとし,43,0
43202,八代市,yatsushiroshi,やつしろし,43,0
43203,人吉市,hitoyoshishi,ひとよしし,43,0
43204,荒尾市,araoshi,あらおし,43,0
43205,水俣市,minamatashi,みなまたし,43,0
43206,玉名市,tamanashi,たまなし,43,0
43208,山鹿市,yamagashi,やまがし,43,0
43210,菊池市,kikuchishi,きくちし,43,0
43211,宇土市,utoshi,うとし,43,0
43212,上天草市,kamiamakusashi,かみあまくさし,43,0
43213,宇城市,ukishi,うきし,43,0
43214,阿蘇市,asoshi,あそし,43,0
43215,天草市,amakusashi,あまくさし,43,0
43216,合志市,koushishi,こうしし,43,0
43348,美里町,misatomachi,みさとまち,43,0
43364,玉東町,gyokutoumachi,ぎょくとうまち,43,0
43367,南関町,nankanmachi,なんかんまち,43,0
43368,長洲町,nagasumachi,ながすまち,43,0
43369,和水町,nagomimachi,なごみまち,43,0
43403,大津町,oodumachi,おおづまち,43,0
43404,菊陽町,kikuyoumachi,きくようまち,43,0
43423,南小国町,minamiogunimachi,みなみおぐにまち,43,0
43424,小国町,ogunimachi,おぐにまち,43,0
43425,産山村,ubuyamamura,うぶやまむら,43,0
43428,高森町,takamorimachi,たかもりまち,43,0
43432,西原村,nishiharamura,にしはらむら,43,0
43433,南阿蘇村,minamiasomura,みなみあそむら,43,0
43441,御船町,mifunemachi,みふねまち,43,0
43442,嘉島町,kashimamachi,かしままち,43,0
43443,益城町,mashikimachi,ましきまち,43,0
43444,甲佐町,kousamachi,こうさまち,43,0
43447,山都町,yamatochou,やまとちょう,43,0
43468,氷川町,hikawachou,ひかわちょう,43,0
43482,芦北町,ashikitamachi,あしきたまち,43,0
43484,津奈木町,tsunagimachi,つなぎまち,43,0
43501,錦町,nishikimachi,にしきまち,43,0
43505,多良木町,taragimachi,たらぎまち,43,0
43506,湯前町,yunomaemachi,ゆのまえまち,43,0
43507,水上村,mizukamimura,みずかみむら,43,0
43510,相良村,sagaramura,さがらむら,43,0
43511,五木村,itsukimura,いつきむら,43,0
43512,山江村,yamaemura,やまえむら,43,0
43513,球磨村,kumamura,くまむら,43,0
43514,あさぎり町,asagirichou,あさぎりちょう,43,0
43531,苓北町,reihokumachi,れいほくまち,43,0
44201,大分市,ooitashi,おおいたし,44,0
44202,別府市,beppushi,べっぷし,44,0
44203,中津市,nakatsushi,なかつし,44,0
44204,日田市,hitashi,ひたし,44,0
44205,佐伯市,saikishi,さいきし,44,0
44206,臼杵市,usukishi,うすきし,44,0
44207,津久見市,tsukumishi,つくみし,44,0
44208,竹田市,taketashi,たけたし,44,0
44209,豊後高田市,bungotakadashi,ぶんごたかだし,44,0
44210,杵築市,kitsukishi,きつきし,44,0
44211,宇佐市,usashi,うさし,44,0
44212,豊後大野市,bungooonoshi,ぶんごおおのし,44,0
44213,由布市,yufushi,ゆふし,44,0
44214,国東市,kunisakishi,くにさきし,44,0
44322,姫島村,himeshimamura,ひめしまむら,44,0
44341,日出町,hijimachi,ひじまち,44,0
44461,九重町,kokonoemachi,ここのえまち,44,0
44462,玖珠町,kusumachi,くすまち,44,0
45201,宮崎市,miyazakishi,みやざきし,45,0
45202,都城市,miyakonojoushi,みやこのじょうし,45,0
45203,延岡市,nobeokashi,のべおかし,45,0
45204,日南市,nichinanshi,にちなんし,45,0
45205,小林市,kobayashishi,こばやしし,45,0
45206,日向市,hyuugashi,ひゅうがし,45,0
45207,串間市,kushimashi,くしまし,45,0
45208,西都市,saitoshi,さいとし,45,0
45209,えびの市,ebinoshi,えびのし,45,0
45341,三股町,mimatachou,みまたちょう,45,0
45361,高原町,takaharuchou,たかはるちょう,45,0
45382,国富町,kunitomichou,くにとみちょう,45,0
45383,綾町,ayachou,あやちょう,45,0
45401,高鍋町,takanabechou,たかなべちょう,45,0
45402,新富町,shintomichou,しんとみちょう,45,0
45403,西米良村,nishimerason,にしめらそん,45,0
45404,木城町,kijouchou,きじょうちょう,45,0
45405,川南町,kawaminamichou,かわみなみちょう,45,0
45406,都農町,tsunochou,つのちょう,45,0
45421,門川町,kadogawachou,かどがわちょう,45,0
45429,諸塚村,morotsukason,もろつかそん,45,0
45430,椎葉村,shiibason,しいばそん,45,0
45431,美郷町,misatochou,みさとちょう,45,0
45441,高千穂町,takachihochou,たかちほちょう,45,0
45442,日之影町,hinokagechou,ひのかげちょう,45,0
45443,五ヶ瀬町,gokasechou,ごかせちょう,45,0
46201,鹿児島市,kagoshimashi,かごしまし,46,0
46203,鹿屋市,kanoyashi,かのやし,46,0
46204,枕崎市,makurazakishi,まくらざきし,46,0
46206,阿久根市,akuneshi,あくねし,46,0
46208,出水市,izumishi,いずみし,46,0
46210,指宿市,ibusukishi,いぶすきし,46,0
46213,西之表市,nishinoomoteshi,にしのおもてし,46,0
46214,垂水市,tarumizushi,たるみずし,46,0
46215,薩摩川内市,satsumasendaishi,さつませんだいし,46,0
46216,日置市,hiokishi,ひおきし,46,0
46217,曽於市,sooshi,そおし,46,0
46218,霧島市,kirishimashi,きりしまし,46,0
46219,いちき串木野市,ichikikushikinoshi,いちきくしきのし,46,0
46220,南さつま市,minamisatsumashi,みなみさつまし,46,0
46221,志布志市,shibushishi,しぶしし,46,0
46222,奄美市,amamishi,あまみし,46,0
46223,南九州市,minamikyuushuushi,みなみきゅうしゅうし,46,0
46224,伊佐市,isashi,いさし,46,0
46225,姶良市,airashi,あいらし,46,0
46303,三島村,mishimamura,みしまむら,46,0
46304,十島村,toshimamura,としまむら,46,0
46392,さつま町,satsumachou,さつまちょう,46,0
46404,長島町,nagashimachou,ながしまちょう,46,0
46452,湧水町,yuusuichou,ゆうすいちょう,46,0
46468,大崎町,oosakichou,おおさきちょう,46,0
46482,東串良町,higashikushirachou,ひがしくしらちょう,46,0
46490,錦江町,kinkouchou,きんこうちょう,46,0
46491,南大隅町,minamioosumichou,みなみおおすみちょう,46,0
46492,肝付町,kimotsukichou,きもつきちょう,46,0
46501,中種子町,nakatanechou,なかたねちょう,46,0
46502,南種子町,minamitanechou,みなみたねちょう,46,0
46505,屋久島町,yakushimachou,やくしまちょう,46,0
46523,大和村,yamatoson,やまとそん,46,0
46524,宇検村,ukenson,うけんそん,46,0
46525,瀬戸内町,setouchichou,せとうちちょう,46,0
46527,龍郷町,tatsugouchou,たつごうちょう,46,0
46529,喜界町,kikaichou,きかいちょう,46,0
46530,徳之島町,tokunoshimachou,とくのしまちょう,46,0
46531,天城町,amagichou,あまぎちょう,46,0
46532,伊仙町,isenchou,いせんちょう,46,0
46533,和泊町,wadomarichou,わどまりちょう,46,0
46534,知名町,chinachou,ちなちょう,46,0
46535,与論町,yoronchou,よろんちょう,46,0
47201,那覇市,nahashi,なはし,47,0
47205,宜野湾市,ginowanshi,ぎのわんし,47,0
47207,石垣市,ishigakishi,いしがきし,47,0
47208,浦添市,urasoeshi,うらそえし,47,0
47209,名護市,nagoshi,なごし,47,0
47210,糸満市,itomanshi,いとまんし,47,0
47211,沖縄市,okinawashi,おきなわし,47,0
47212,豊見城市,tomigusukushi,とみぐすくし,47,0
47213,うるま市,urumashi,うるまし,47,0
47214,宮古島市,miyakojimashi,みやこじまし,47,0
47215,南城市,nanjoushi,なんじょうし,47,0
47301,国頭村,kunigamison,くにがみそん,47,0
47302,大宜味村,oogimison,おおぎみそん,47,0
47303,東村,higashison,ひがしそん,47,0
47306,今帰仁村,nakijinson,なきじんそん,47,0
47308,本部町,motobuchou,もとぶちょう,47,0
47311,恩納村,on'nason,おんなそん,47,0
47313,宜野座村,ginozason,ぎのざそん,47,0
47314,金武町,kinchou,きんちょう,47,0
47315,伊江村,ieson,いえそん,47,0
47324,読谷村,yomitanson,よみたんそん,47,0
47325,嘉手納町,kadenachou,かでなちょう,47,0
47326,北谷町,chiyatanchou,ちやたんちょう,47,0
47327,北中城村,kitanakagusukuson,きたなかぐすくそん,47,0
47328,中城村,nakagusukuson,なかぐすくそん,47,0
47329,西原町,nishiharachou,にしはらちょう,47,0
47348,与那原町,yonabaruchou,よなばるちょう,47,0
47350,南風原町,haebaruchou,はえばるちょう,47,0
47353,渡嘉敷村,tokashikison,とかしきそん,47,0
47354,座間味村,zamamison,ざまみそん,47,0
47355,粟国村,agunison,あぐにそん,47,0
47356,渡名喜村,tonakison,となきそん,47,0
47357,南大東村,minamidaitouson,みなみだいとうそん,47,0
47358,北大東村,kitadaitouson,きただいとうそん,47,0
47359,伊平屋村,iheyason,いへやそん,47,0
47360,伊是名村,izenason,いぜなそん,47,0
47361,久米島町,kumejimachou,くめじまちょう,47,0
47362,八重瀬町,yaesechou,やえせちょう,47,0
47375,多良間村,taramason,たらまそん,47,0
47381,竹富町,taketomichou,たけとみちょう,47,0
47382,与那国町,yonagunichou,よなぐにちょう,47,0
